step,type,amount,nameOrig,oldbalanceOrg,newbalanceOrig,nameDest,oldbalanceDest,newbalanceDest,isFraud
7,PAYMENT,72479.43,C100000,30249.37,196073.75,M200000,238145.43,290945.66,0
20,PAYMENT,6544.98,C100001,45063.39,13500.51,M200001,197826.89,218289.34,0
29,TRANSFER,31535.88,C100002,50193.33,103740.2,M200002,173342.12,276781.13,0
15,PAYMENT,53953.73,C100003,170123.21,35872.94,M200003,259830.46,228663.62,0
11,TRANSFER,79074.41,C100004,112244.56,194135.31,M200004,86831.86,177515.09,0
8,PAYMENT,31882.06,C100005,104678.18,22660.7,M200005,140304.36,57607.01,0
29,CASH_OUT,62592.88,C100006,22953.77,80720.2,M200006,185816.99,200005.7,0
21,PAYMENT,88598.92,C100007,172027.94,147577.0,M200007,123357.14,187013.87,0
7,PAYMENT,61590.16,C100008,144562.86,140910.89,M200008,128245.94,180740.75,0
26,DEBIT,23303.62,C100009,13533.67,84545.73,M200009,99085.4,146935.76,0
19,TRANSFER,2449.83,C100010,141567.02,69304.83,M200010,169269.55,158596.98,0
23,PAYMENT,87011.19,C100011,108707.64,79522.48,M200011,255172.36,100332.76,0
11,PAYMENT,2136.73,C100012,16345.07,52855.25,M200012,60458.51,155793.81,0
11,DEBIT,87471.42,C100013,91660.13,41066.59,M200013,280329.91,59266.77,0
24,DEBIT,52898.42,C100014,96939.26,96607.94,M200014,206726.3,241552.32,1
21,TRANSFER,93907.38,C100015,33154.91,53706.75,M200015,246981.96,55733.09,0
4,DEBIT,79880.34,C100016,189139.63,57492.33,M200016,166857.21,25489.89,0
8,CASH_OUT,99793.43,C100017,169995.07,131351.21,M200017,233855.01,130873.81,0
24,DEBIT,35077.67,C100018,133804.47,193707.47,M200018,4860.12,197492.23,0
3,CASH_OUT,76721.16,C100019,92459.11,120727.44,M200019,245514.13,131315.05,0
22,TRANSFER,40199.07,C100020,82353.11,15395.89,M200020,12041.66,83026.24,0
21,TRANSFER,47992.76,C100021,130194.69,15116.72,M200021,266974.01,167451.36,0
2,TRANSFER,62754.27,C100022,109086.37,190284.64,M200022,297588.82,104100.7,0
24,TRANSFER,87368.97,C100023,12454.62,59458.16,M200023,88220.24,279860.31,0
12,TRANSFER,98408.51,C100024,102500.53,18413.4,M200024,63095.57,276793.54,0
30,CASH_OUT,76829.66,C100025,161280.72,119808.92,M200025,229609.01,150711.55,0
6,CASH_OUT,41782.5,C100026,91847.98,124729.76,M200026,75907.9,98365.2,0
2,TRANSFER,42141.49,C100027,10391.32,129700.96,M200027,259668.71,221139.72,0
28,DEBIT,73760.85,C100028,157255.64,53480.41,M200028,30852.78,11013.88,0
21,PAYMENT,23885.33,C100029,40272.76,3022.14,M200029,37786.56,142430.7,0
1,TRANSFER,11056.31,C100030,51724.17,193003.07,M200030,293745.47,100897.02,0
12,DEBIT,35468.67,C100031,32941.27,50178.61,M200031,202151.67,276160.77,0
26,PAYMENT,28731.03,C100032,66043.01,135205.26,M200032,254066.17,3600.91,0
22,TRANSFER,29637.85,C100033,151350.3,141325.97,M200033,97298.81,165844.46,0
29,TRANSFER,23368.44,C100034,103877.17,122001.48,M200034,202945.12,222199.07,0
12,CASH_OUT,4218.9,C100035,40976.25,62581.48,M200035,178272.55,145505.4,0
25,PAYMENT,1797.21,C100036,175566.02,54219.25,M200036,180945.04,25620.91,0
17,PAYMENT,98772.36,C100037,175916.37,119533.66,M200037,204759.74,291738.42,0
27,DEBIT,42783.04,C100038,174115.69,173219.13,M200038,172607.75,155403.13,0
27,CASH_OUT,38438.82,C100039,47759.24,189346.75,M200039,128718.71,184255.87,0
10,CASH_OUT,67967.93,C100040,90247.87,21181.16,M200040,82776.81,70982.93,0
28,CASH_OUT,21833.21,C100041,196997.93,30965.72,M200041,230574.4,145049.43,0
28,CASH_OUT,94996.62,C100042,154402.5,188947.25,M200042,67881.73,128744.85,0
16,PAYMENT,78636.64,C100043,5433.48,147307.05,M200043,207706.29,22468.75,0
15,PAYMENT,8950.21,C100044,13040.92,176598.76,M200044,69999.85,31848.11,1
30,TRANSFER,41763.9,C100045,92786.28,40526.53,M200045,187599.05,251241.76,0
30,TRANSFER,87913.04,C100046,181844.04,117517.17,M200046,224123.48,71945.99,0
15,CASH_OUT,94473.75,C100047,107740.36,140227.92,M200047,65614.17,58487.48,0
30,CASH_OUT,46745.48,C100048,99562.5,136022.38,M200048,17982.99,151473.44,0
19,CASH_OUT,61345.0,C100049,21094.74,81630.34,M200049,39292.12,230624.14,0
12,TRANSFER,16711.72,C100050,131356.02,3078.98,M200050,181799.09,18583.96,0
23,DEBIT,99116.95,C100051,164420.63,116585.21,M200051,254833.92,173042.38,0
20,DEBIT,23174.85,C100052,76084.0,50620.31,M200052,13499.05,35763.13,0
25,TRANSFER,94273.75,C100053,155122.37,90050.85,M200053,220245.38,10938.32,0
3,TRANSFER,64968.17,C100054,192895.33,191516.2,M200054,102395.59,15823.19,0
5,TRANSFER,60777.6,C100055,40753.29,79807.06,M200055,143558.51,250249.23,0
19,TRANSFER,51273.72,C100056,104665.93,167960.32,M200056,278657.86,35391.75,0
7,TRANSFER,23074.67,C100057,57427.59,37708.12,M200057,99591.45,13545.41,0
21,TRANSFER,17661.04,C100058,158570.88,134492.1,M200058,139601.08,131369.97,0
9,CASH_OUT,22056.42,C100059,115518.67,195401.39,M200059,4104.72,253198.04,0
7,CASH_OUT,18651.96,C100060,126916.48,20378.62,M200060,24479.62,78722.51,0
18,CASH_OUT,77960.65,C100061,159582.83,1663.99,M200061,77577.48,126513.79,0
4,CASH_OUT,35019.02,C100062,79194.09,86716.56,M200062,8355.67,11976.76,0
25,TRANSFER,5793.69,C100063,183018.01,18525.1,M200063,189412.6,134723.55,0
28,DEBIT,96910.57,C100064,106605.77,149676.87,M200064,127919.51,173283.92,0
14,PAYMENT,88379.75,C100065,31590.96,182909.73,M200065,164443.56,171272.12,0
18,TRANSFER,92775.95,C100066,139179.82,86804.19,M200066,52394.16,99728.01,0
26,PAYMENT,99490.83,C100067,158652.27,51742.33,M200067,88779.61,94659.95,0
9,DEBIT,17397.79,C100068,63352.34,86880.66,M200068,199147.34,31987.09,0
26,CASH_OUT,39630.24,C100069,171435.85,144689.56,M200069,289590.82,110039.5,0
21,DEBIT,75826.27,C100070,181228.65,1810.83,M200070,15125.03,29848.4,0
2,TRANSFER,69605.1,C100071,55380.9,117890.8,M200071,267115.3,229978.78,0
20,CASH_OUT,15398.05,C100072,196704.29,122658.34,M200072,173064.36,289882.29,0
28,TRANSFER,81585.15,C100073,28142.31,127537.65,M200073,169175.87,291022.34,1
15,CASH_OUT,22451.81,C100074,40403.13,48404.42,M200074,150083.56,259521.33,0
28,PAYMENT,22389.52,C100075,36844.97,142810.54,M200075,20818.23,180237.64,0
7,PAYMENT,53702.07,C100076,178797.94,18278.3,M200076,26963.06,210259.71,0
12,PAYMENT,59298.06,C100077,130858.51,39854.07,M200077,180273.6,85561.74,0
29,DEBIT,58012.82,C100078,30420.86,175494.01,M200078,102287.57,189231.13,0
8,TRANSFER,9157.77,C100079,88064.68,147744.63,M200079,275180.42,136694.86,0
15,DEBIT,87747.31,C100080,123059.61,2749.11,M200080,121977.16,144605.2,1
3,PAYMENT,26567.35,C100081,16692.82,49675.25,M200081,42984.44,227332.97,0
14,TRANSFER,12960.2,C100082,176483.27,42881.3,M200082,214415.65,84575.51,0
17,PAYMENT,88875.92,C100083,160720.71,54161.27,M200083,88006.03,95411.88,0
4,DEBIT,95565.59,C100084,101041.35,49511.95,M200084,157641.09,277392.54,0
18,DEBIT,86214.14,C100085,193425.32,12505.26,M200085,209349.84,16867.29,0
8,DEBIT,80953.51,C100086,83552.2,91788.1,M200086,270079.23,145690.29,1
4,PAYMENT,65527.65,C100087,196822.06,146546.69,M200087,237657.36,273840.24,0
2,TRANSFER,55090.23,C100088,133584.0,121346.34,M200088,202908.32,183108.9,0
30,TRANSFER,8707.81,C100089,126934.25,134574.33,M200089,203889.95,163922.12,0
6,PAYMENT,40851.24,C100090,33190.98,16229.84,M200090,283777.39,74923.25,0
22,TRANSFER,37275.12,C100091,176385.55,190298.14,M200091,88747.23,102982.65,0
10,PAYMENT,25982.78,C100092,85497.94,167698.37,M200092,333.63,255614.52,0
4,TRANSFER,72344.78,C100093,32446.68,161018.06,M200093,81586.37,167765.44,0
22,CASH_OUT,49592.61,C100094,2521.5,164596.76,M200094,65367.41,154422.66,0
29,CASH_OUT,8113.81,C100095,111951.14,186542.1,M200095,198550.38,29873.91,0
18,DEBIT,22026.12,C100096,105479.92,108850.79,M200096,190113.48,4808.45,0
26,CASH_OUT,68329.04,C100097,143870.72,40056.4,M200097,178038.41,289105.56,0
12,CASH_OUT,7622.32,C100098,178051.61,123356.72,M200098,4873.03,113095.85,0
2,CASH_OUT,85122.18,C100099,15881.32,148576.3,M200099,218633.42,180963.92,0
10,PAYMENT,49519.7,C100100,146299.3,147583.48,M200100,97059.12,23914.52,0
30,CASH_OUT,48063.85,C100101,37482.39,104289.8,M200101,199516.8,204934.29,0
4,CASH_OUT,59244.85,C100102,171635.41,13691.74,M200102,166973.53,279770.01,0
14,DEBIT,82469.85,C100103,163812.7,74222.59,M200103,102819.28,172699.58,0
16,CASH_OUT,34787.44,C100104,108158.75,184153.32,M200104,40372.88,37834.6,0
15,CASH_OUT,67804.84,C100105,142048.56,116889.78,M200105,28325.67,174516.46,0
8,TRANSFER,56577.54,C100106,62870.02,107666.39,M200106,249455.5,229904.16,0
14,DEBIT,26710.16,C100107,94233.58,53770.7,M200107,275519.26,121924.96,0
23,DEBIT,87864.21,C100108,164327.38,73689.78,M200108,194936.41,263951.32,0
28,DEBIT,79744.63,C100109,91853.04,179069.22,M200109,31030.23,194604.89,0
25,DEBIT,65848.6,C100110,71559.65,133292.61,M200110,120608.17,269774.68,0
30,DEBIT,85059.67,C100111,98842.49,157477.41,M200111,218681.76,187051.59,0
8,DEBIT,86730.75,C100112,165649.85,90869.08,M200112,233946.27,39386.39,0
21,PAYMENT,70839.21,C100113,67041.61,126049.44,M200113,35465.59,92907.51,0
16,CASH_OUT,83702.96,C100114,34752.32,49676.72,M200114,9.22,60538.48,0
13,DEBIT,69750.17,C100115,142402.8,141092.17,M200115,213641.11,272647.95,0
18,CASH_OUT,68017.28,C100116,165195.64,85520.27,M200116,106978.85,228120.02,0
15,CASH_OUT,61864.95,C100117,20127.5,88509.1,M200117,76344.4,202919.51,0
21,PAYMENT,75274.14,C100118,47974.82,129864.46,M200118,3869.24,90289.9,0
24,DEBIT,15868.92,C100119,28394.4,187256.12,M200119,162089.82,55213.43,0
26,TRANSFER,88088.27,C100120,69588.28,12801.27,M200120,255345.22,226935.33,0
25,PAYMENT,87185.63,C100121,90070.2,164948.65,M200121,287289.49,142247.38,0
28,TRANSFER,2934.44,C100122,149765.27,58476.62,M200122,169723.49,67736.87,0
28,CASH_OUT,82583.42,C100123,130229.52,88783.89,M200123,154338.4,184986.59,0
28,CASH_OUT,12895.7,C100124,124185.71,4382.67,M200124,25516.92,12100.16,0
13,PAYMENT,33518.53,C100125,70474.99,60209.22,M200125,164661.84,97851.08,0
9,PAYMENT,74353.39,C100126,168289.51,100526.25,M200126,113993.72,140567.1,0
29,TRANSFER,16084.38,C100127,94257.43,11235.22,M200127,182140.58,44387.5,0
15,DEBIT,81798.52,C100128,195820.99,98219.15,M200128,116617.9,295396.34,0
13,TRANSFER,83215.1,C100129,126828.43,185422.13,M200129,72089.74,62729.21,0
1,PAYMENT,50751.7,C100130,25252.95,21078.64,M200130,28489.58,39105.94,1
25,TRANSFER,648.52,C100131,135235.51,152888.15,M200131,94475.53,61060.46,0
7,PAYMENT,28710.94,C100132,65020.8,81934.21,M200132,28993.45,230718.34,0
9,TRANSFER,61696.52,C100133,137265.44,131034.74,M200133,53069.09,127651.7,0
24,PAYMENT,98118.81,C100134,13928.23,52047.32,M200134,296200.85,169624.78,0
1,PAYMENT,63185.03,C100135,34976.29,31898.45,M200135,133231.07,6302.75,0
12,PAYMENT,25987.76,C100136,171147.45,32092.52,M200136,159561.53,10329.39,0
8,DEBIT,63404.23,C100137,45435.91,14098.39,M200137,262085.56,133747.66,0
24,TRANSFER,54003.14,C100138,167408.23,37129.34,M200138,298670.67,244996.57,0
11,TRANSFER,77986.74,C100139,55855.22,132843.88,M200139,174814.33,265571.66,0
19,TRANSFER,10706.99,C100140,128576.38,176338.12,M200140,243742.15,26011.97,0
17,PAYMENT,76105.18,C100141,138830.11,162825.14,M200141,98082.31,161508.93,0
8,TRANSFER,54131.25,C100142,102530.95,137026.86,M200142,91723.19,273968.91,0
3,TRANSFER,96299.57,C100143,61062.14,22086.37,M200143,120811.12,116391.83,0
3,PAYMENT,34193.8,C100144,42528.88,57837.49,M200144,201752.18,248869.75,0
1,CASH_OUT,63265.86,C100145,6637.87,61961.38,M200145,204657.51,40108.7,0
27,PAYMENT,93203.49,C100146,60789.28,49991.39,M200146,94571.83,280618.35,1
5,TRANSFER,10259.95,C100147,130632.56,103001.13,M200147,39962.98,225427.0,0
10,PAYMENT,93723.48,C100148,187660.96,107110.76,M200148,189718.88,282400.32,0
7,CASH_OUT,68791.69,C100149,174240.9,71377.2,M200149,38497.76,202985.17,0
26,PAYMENT,6793.03,C100150,153212.96,70757.83,M200150,173547.75,109021.18,0
9,TRANSFER,30103.35,C100151,157689.47,165711.12,M200151,208026.64,281454.35,0
28,CASH_OUT,70820.13,C100152,132996.98,157858.57,M200152,210183.45,82670.03,0
7,DEBIT,6744.39,C100153,52057.37,61559.17,M200153,226041.63,99651.76,0
9,TRANSFER,58221.22,C100154,181439.01,182757.69,M200154,261857.83,210242.53,0
8,CASH_OUT,34594.85,C100155,134146.46,190563.0,M200155,149987.7,229594.89,0
12,CASH_OUT,62095.34,C100156,112088.13,65348.51,M200156,219074.76,278821.05,0
2,DEBIT,4583.75,C100157,22197.89,70884.99,M200157,185751.82,61440.72,0
1,PAYMENT,87154.97,C100158,89411.11,101126.83,M200158,55991.98,239399.41,0
16,PAYMENT,97349.16,C100159,92071.65,188224.16,M200159,7706.89,221563.82,0
23,TRANSFER,96888.1,C100160,172912.72,175263.89,M200160,85362.42,19138.37,0
23,DEBIT,74967.69,C100161,109329.64,20513.59,M200161,132910.11,116166.94,0
30,PAYMENT,13017.32,C100162,76080.11,78546.15,M200162,185131.78,84829.64,0
24,DEBIT,75828.74,C100163,195360.07,110674.24,M200163,254987.8,91347.13,0
5,PAYMENT,2468.45,C100164,22144.12,100626.49,M200164,58873.72,294884.06,0
3,CASH_OUT,2222.13,C100165,84509.69,38772.61,M200165,37664.94,192833.22,0
12,PAYMENT,32367.79,C100166,8404.94,171763.35,M200166,289043.98,215302.85,0
8,DEBIT,48869.43,C100167,147980.82,135388.16,M200167,32413.37,292985.29,0
22,CASH_OUT,77043.04,C100168,183615.31,167581.67,M200168,143547.32,113160.53,0
27,CASH_OUT,68332.7,C100169,56007.47,171752.86,M200169,175669.12,240552.05,0
3,CASH_OUT,44595.81,C100170,171668.34,149671.17,M200170,162412.33,130359.29,0
1,DEBIT,27369.93,C100171,58443.65,87842.12,M200171,25809.65,260860.1,0
3,TRANSFER,99712.48,C100172,182154.03,122109.35,M200172,17108.07,54197.26,0
5,TRANSFER,42623.87,C100173,150792.38,32073.08,M200173,31645.03,284305.85,0
15,TRANSFER,45144.19,C100174,160981.36,134729.08,M200174,175676.31,65631.51,0
14,DEBIT,16370.75,C100175,3601.31,35850.65,M200175,163303.47,97866.15,0
3,CASH_OUT,79483.01,C100176,192562.07,138789.92,M200176,70122.24,226857.67,0
1,TRANSFER,69371.29,C100177,145334.2,45919.63,M200177,191332.24,118126.54,0
5,DEBIT,22084.75,C100178,60950.22,23510.26,M200178,246020.25,182463.41,0
26,TRANSFER,8247.28,C100179,165878.93,33056.9,M200179,12473.69,133372.05,0
23,PAYMENT,68053.13,C100180,56304.24,398.43,M200180,149438.98,222710.98,0
14,TRANSFER,65454.58,C100181,174550.77,143747.92,M200181,206793.12,68499.38,0
7,TRANSFER,27333.22,C100182,22516.08,146480.21,M200182,75693.58,17537.4,0
27,CASH_OUT,95086.85,C100183,140737.2,102986.67,M200183,92331.27,89978.82,0
9,DEBIT,15114.28,C100184,108139.7,32272.56,M200184,184091.37,142292.6,0
15,CASH_OUT,43239.16,C100185,19306.89,16710.87,M200185,269380.59,50406.02,0
15,CASH_OUT,94362.16,C100186,48378.77,3825.79,M200186,242977.33,106439.19,0
26,CASH_OUT,41978.53,C100187,2480.81,33149.64,M200187,174939.07,119994.91,0
10,CASH_OUT,63856.21,C100188,93753.59,178171.11,M200188,219066.52,17217.55,0
28,CASH_OUT,39765.46,C100189,60253.05,48307.37,M200189,109446.74,174992.17,0
13,TRANSFER,27428.78,C100190,119671.5,70854.27,M200190,192289.66,265303.03,1
19,CASH_OUT,98397.93,C100191,59447.56,21069.1,M200191,139854.48,45522.87,0
7,CASH_OUT,40939.31,C100192,59983.82,44472.26,M200192,56980.84,179342.4,0
17,DEBIT,89410.98,C100193,148638.64,103844.91,M200193,210521.48,199421.76,0
20,PAYMENT,23003.16,C100194,9628.57,121550.54,M200194,166939.39,125800.4,0
29,TRANSFER,21318.34,C100195,180579.0,49070.46,M200195,107586.47,210329.28,0
4,TRANSFER,3123.1,C100196,170452.77,11546.43,M200196,273401.76,123219.46,0
30,TRANSFER,65170.17,C100197,133560.94,78206.57,M200197,6280.24,151391.19,0
5,CASH_OUT,36858.95,C100198,118644.31,46840.67,M200198,94731.95,2205.91,0
23,CASH_OUT,86437.18,C100199,178460.5,43910.78,M200199,17064.42,207516.03,0
7,CASH_OUT,47326.26,C100200,37066.04,191972.56,M200200,229958.19,198402.8,0
13,DEBIT,96819.66,C100201,15793.83,123260.1,M200201,210632.24,11520.26,0
15,PAYMENT,18560.7,C100202,47902.03,111375.69,M200202,99405.67,110475.03,0
11,CASH_OUT,86863.63,C100203,158915.66,83155.02,M200203,202698.87,293709.55,0
29,PAYMENT,77661.92,C100204,6934.05,85788.87,M200204,118781.17,126220.97,0
4,DEBIT,77094.48,C100205,116561.37,108181.0,M200205,226876.14,150583.62,0
13,TRANSFER,84479.87,C100206,199087.5,139285.96,M200206,136255.1,272979.05,0
7,CASH_OUT,76104.79,C100207,171139.22,140429.22,M200207,123683.92,215178.56,0
27,PAYMENT,62625.77,C100208,104289.14,34338.78,M200208,280418.97,174621.04,0
19,PAYMENT,13133.18,C100209,12728.18,100022.55,M200209,75263.73,239341.4,0
22,CASH_OUT,3262.29,C100210,166274.7,82391.62,M200210,36134.2,259309.88,0
28,TRANSFER,92085.58,C100211,119795.7,174105.39,M200211,175362.93,137066.42,0
2,TRANSFER,61668.86,C100212,22986.6,126283.78,M200212,290796.54,142532.51,0
10,TRANSFER,79655.76,C100213,18771.46,106500.81,M200213,113351.76,115815.28,0
13,DEBIT,48157.42,C100214,181925.36,23078.93,M200214,18611.03,290011.84,0
30,PAYMENT,11739.65,C100215,133840.05,121127.58,M200215,101791.58,209149.88,0
25,PAYMENT,12527.33,C100216,165857.36,23440.78,M200216,151779.5,24966.92,0
21,PAYMENT,68559.67,C100217,175795.78,67441.32,M200217,48576.9,258887.89,0
6,DEBIT,43036.29,C100218,114354.47,28568.39,M200218,197430.67,144167.98,0
28,PAYMENT,20060.47,C100219,103489.27,138414.73,M200219,299324.82,20626.17,0
28,DEBIT,49164.54,C100220,86085.48,41250.42,M200220,135521.84,164915.18,0
12,TRANSFER,6430.25,C100221,63389.32,78371.87,M200221,106418.57,125149.28,0
12,CASH_OUT,58201.32,C100222,86919.19,179134.96,M200222,120211.25,263324.82,0
20,PAYMENT,26906.65,C100223,154775.93,40863.28,M200223,34543.85,61198.38,0
30,PAYMENT,79757.93,C100224,120384.69,101561.01,M200224,264982.08,247939.38,0
30,TRANSFER,31043.09,C100225,178504.66,83854.33,M200225,124447.7,167306.61,0
11,CASH_OUT,45527.46,C100226,88676.0,3624.81,M200226,116182.32,16383.09,1
26,DEBIT,1171.94,C100227,121417.92,158551.62,M200227,197907.08,291553.59,0
23,CASH_OUT,7253.96,C100228,126261.51,13809.18,M200228,132610.03,153784.57,0
28,TRANSFER,39255.43,C100229,118339.43,94851.0,M200229,194470.04,87263.06,1
25,TRANSFER,47999.08,C100230,140526.75,112135.66,M200230,18433.89,140822.05,0
7,CASH_OUT,60006.05,C100231,47486.69,125685.29,M200231,244117.0,257357.34,0
30,DEBIT,29173.34,C100232,102472.76,137726.33,M200232,282151.19,91470.94,0
1,DEBIT,69501.24,C100233,20844.96,50654.48,M200233,194629.62,57802.92,0
1,PAYMENT,86013.64,C100234,76902.27,1995.76,M200234,286369.78,38721.37,0
25,DEBIT,77987.3,C100235,97533.41,144688.73,M200235,45429.69,89357.82,0
27,CASH_OUT,3971.49,C100236,130444.85,107131.32,M200236,143224.86,234014.43,0
30,TRANSFER,48055.89,C100237,190106.21,167223.54,M200237,180542.02,141487.91,0
25,PAYMENT,10501.97,C100238,120130.21,164277.67,M200238,174520.99,68244.48,0
20,PAYMENT,24212.08,C100239,148718.78,168665.23,M200239,120438.53,49855.5,0
13,TRANSFER,98666.39,C100240,101253.21,97018.93,M200240,101425.32,99818.84,0
9,DEBIT,14258.13,C100241,126820.81,66725.68,M200241,38047.21,281977.31,0
3,TRANSFER,49893.83,C100242,14186.44,158311.64,M200242,117522.74,102908.01,0
7,DEBIT,61819.39,C100243,50878.32,90258.82,M200243,48798.24,296437.22,0
6,TRANSFER,70249.47,C100244,72370.62,36688.44,M200244,220309.7,145569.14,0
8,CASH_OUT,55969.27,C100245,94498.67,170994.8,M200245,62649.28,53749.18,0
27,DEBIT,986.99,C100246,9129.75,176511.98,M200246,17569.59,267342.03,0
9,CASH_OUT,32652.87,C100247,28004.82,93261.95,M200247,165709.84,138106.61,0
30,PAYMENT,51775.99,C100248,55362.86,15139.95,M200248,178568.92,212901.4,0
5,TRANSFER,8795.77,C100249,194306.54,77565.22,M200249,261573.92,295113.47,0
1,PAYMENT,35069.19,C100250,66269.4,160707.53,M200250,173094.48,15052.61,0
19,PAYMENT,3329.98,C100251,96408.21,180354.81,M200251,103644.26,29008.37,1
10,PAYMENT,7867.06,C100252,39219.54,40694.55,M200252,240903.56,216137.02,0
12,PAYMENT,39698.36,C100253,122156.01,13394.72,M200253,162083.67,84547.5,0
24,TRANSFER,13280.25,C100254,56136.64,175470.09,M200254,23784.09,55290.42,0
15,PAYMENT,56758.41,C100255,41398.52,77880.99,M200255,169755.17,11808.56,1
27,TRANSFER,68949.6,C100256,103314.53,108352.19,M200256,272405.56,6554.01,0
22,TRANSFER,80060.66,C100257,1101.16,193613.16,M200257,118893.79,232345.68,0
24,CASH_OUT,20023.02,C100258,1532.81,13312.95,M200258,88897.74,40330.03,0
9,DEBIT,16756.58,C100259,43813.76,129663.6,M200259,43040.84,140316.18,0
20,DEBIT,10465.74,C100260,7344.27,14821.08,M200260,45433.66,181769.04,0
17,TRANSFER,63646.66,C100261,21605.15,75093.79,M200261,129831.45,128505.54,0
30,CASH_OUT,70650.51,C100262,67772.13,160762.91,M200262,178703.95,8132.0,0
17,TRANSFER,3168.3,C100263,160517.14,86694.45,M200263,24184.62,235050.45,0
26,TRANSFER,93621.86,C100264,114409.73,199436.47,M200264,281870.58,3153.97,0
20,TRANSFER,5206.61,C100265,102533.55,111811.86,M200265,226540.09,228566.97,0
12,CASH_OUT,54134.22,C100266,58697.76,64232.43,M200266,175987.18,267991.35,0
30,DEBIT,70908.96,C100267,186350.74,44022.27,M200267,248531.6,129851.98,0
7,CASH_OUT,87098.2,C100268,79403.01,70104.11,M200268,24056.03,160662.74,0
2,PAYMENT,71411.55,C100269,17418.55,74506.65,M200269,143051.66,143095.02,0
3,CASH_OUT,80174.79,C100270,123413.3,13742.74,M200270,189027.94,116762.59,0
17,CASH_OUT,33951.62,C100271,22767.68,73914.84,M200271,248595.87,266227.36,0
5,CASH_OUT,81484.36,C100272,69044.63,92847.7,M200272,235040.87,268180.05,0
17,CASH_OUT,8020.68,C100273,101482.39,144547.55,M200273,83120.77,100744.91,0
24,DEBIT,89482.72,C100274,174844.5,131345.9,M200274,282264.05,184520.93,0
17,PAYMENT,54763.76,C100275,98709.32,141753.13,M200275,37303.75,278072.27,0
27,DEBIT,81731.6,C100276,140451.75,1672.74,M200276,262540.09,288617.55,0
17,DEBIT,45237.31,C100277,198563.37,43533.48,M200277,291282.07,152687.71,0
2,CASH_OUT,64361.33,C100278,26297.82,132336.86,M200278,53146.06,135847.44,0
2,TRANSFER,52645.0,C100279,54946.31,96797.87,M200279,216619.82,83608.29,0
28,TRANSFER,73161.64,C100280,78915.22,1062.7,M200280,12085.66,287661.56,0
22,DEBIT,8172.18,C100281,84365.64,160898.93,M200281,121626.85,42844.29,0
23,DEBIT,6044.6,C100282,82204.22,154561.91,M200282,154884.99,173948.87,0
5,CASH_OUT,24717.85,C100283,181522.2,109683.83,M200283,174193.57,84765.08,0
1,DEBIT,15962.87,C100284,142806.53,13292.67,M200284,280781.17,83702.49,0
1,CASH_OUT,87179.64,C100285,121581.04,153303.01,M200285,201675.21,121490.58,0
19,TRANSFER,21929.21,C100286,61874.54,116742.72,M200286,144383.39,299637.88,0
30,TRANSFER,97586.77,C100287,164758.08,156392.0,M200287,242902.51,16489.89,0
2,PAYMENT,33696.21,C100288,191012.1,150349.4,M200288,285159.85,173562.55,0
21,TRANSFER,18219.97,C100289,164239.66,160600.41,M200289,6619.84,24771.65,1
12,DEBIT,78971.95,C100290,313.02,103601.61,M200290,294756.38,46356.25,0
26,TRANSFER,65874.19,C100291,127280.27,28064.9,M200291,25839.64,131868.88,0
6,CASH_OUT,49824.59,C100292,10227.08,134231.49,M200292,244316.03,153138.04,0
23,TRANSFER,55540.8,C100293,51521.44,124094.76,M200293,84100.43,77637.72,0
4,PAYMENT,71922.99,C100294,11904.94,148450.64,M200294,39653.9,94937.14,0
23,TRANSFER,22853.19,C100295,120759.09,33976.2,M200295,131956.69,26090.11,0
11,CASH_OUT,99633.43,C100296,137317.98,38995.04,M200296,193186.97,90965.94,0
24,CASH_OUT,97479.57,C100297,22897.53,178081.9,M200297,114285.55,289967.53,0
27,DEBIT,65036.07,C100298,76767.78,149995.56,M200298,16369.62,283412.21,0
17,TRANSFER,19962.25,C100299,91247.3,181645.7,M200299,179838.34,100463.49,0
6,CASH_OUT,68026.02,C100300,73810.6,151743.06,M200300,270720.98,171256.18,0
24,PAYMENT,7229.12,C100301,24205.0,119431.06,M200301,114964.61,272878.62,0
5,DEBIT,3074.94,C100302,83789.56,130826.55,M200302,64899.83,1855.15,0
20,PAYMENT,25775.71,C100303,150235.61,177825.58,M200303,132773.2,243205.07,0
2,TRANSFER,46267.67,C100304,14201.53,115761.35,M200304,14508.81,284510.87,0
6,TRANSFER,86828.57,C100305,16036.0,126478.26,M200305,246146.28,27397.72,0
22,TRANSFER,72719.64,C100306,70954.26,31295.34,M200306,247902.24,48434.31,0
11,DEBIT,74273.23,C100307,188345.14,94784.24,M200307,176400.14,288223.89,0
16,CASH_OUT,42555.08,C100308,133714.53,143279.42,M200308,105930.87,161262.04,0
16,DEBIT,34600.04,C100309,135733.99,54188.54,M200309,239935.01,4258.99,0
1,PAYMENT,37110.17,C100310,72384.0,40450.84,M200310,166406.11,77289.6,1
9,DEBIT,98765.08,C100311,118732.16,62765.36,M200311,247779.69,134983.1,0
28,PAYMENT,4020.52,C100312,2026.24,48300.13,M200312,189437.64,207872.67,0
27,DEBIT,86704.48,C100313,127219.21,42982.53,M200313,235321.64,219948.11,0
6,CASH_OUT,57871.75,C100314,182657.39,84970.17,M200314,179568.9,298626.45,0
16,PAYMENT,43867.16,C100315,122514.69,181567.7,M200315,124242.32,86253.36,0
29,TRANSFER,72528.51,C100316,174739.72,101411.93,M200316,287383.76,161466.03,0
3,TRANSFER,48672.03,C100317,144794.61,37584.08,M200317,162334.15,159997.06,0
20,DEBIT,87343.59,C100318,24111.68,15394.33,M200318,181526.86,121693.58,1
28,TRANSFER,90071.18,C100319,180490.66,139231.23,M200319,66146.29,50748.57,0
27,PAYMENT,42177.88,C100320,13288.77,76559.75,M200320,187695.24,293236.97,0
4,TRANSFER,27690.01,C100321,106793.49,164366.19,M200321,171482.29,255995.16,0
19,CASH_OUT,59239.11,C100322,28427.42,131902.15,M200322,55451.52,149499.91,0
26,CASH_OUT,91237.21,C100323,2341.32,159248.29,M200323,17876.13,180973.63,0
3,DEBIT,21074.11,C100324,84406.85,54389.21,M200324,181307.8,68178.32,0
19,PAYMENT,62300.43,C100325,59008.14,138471.78,M200325,229107.68,163136.12,0
20,CASH_OUT,63159.71,C100326,97200.1,52812.4,M200326,157020.41,208491.04,0
7,CASH_OUT,73313.97,C100327,115439.98,187813.7,M200327,68031.79,154550.11,0
20,PAYMENT,13165.45,C100328,8747.81,127274.86,M200328,199956.59,297085.55,0
9,TRANSFER,71585.34,C100329,24600.66,64902.36,M200329,24031.72,183402.5,0
1,TRANSFER,90904.16,C100330,111728.48,53902.37,M200330,132550.11,111292.11,0
8,DEBIT,17976.51,C100331,68633.47,38185.32,M200331,49010.03,231645.61,0
7,TRANSFER,23761.96,C100332,145834.7,138928.19,M200332,55337.72,51138.75,0
18,PAYMENT,97139.8,C100333,130458.33,43743.12,M200333,60688.18,115354.74,0
8,CASH_OUT,18105.89,C100334,169120.87,119060.65,M200334,116012.12,104087.69,0
1,TRANSFER,85439.97,C100335,138498.57,52927.01,M200335,15345.06,129542.13,0
11,DEBIT,49232.86,C100336,85986.22,132393.79,M200336,119338.03,234533.95,0
28,TRANSFER,24730.64,C100337,134593.32,162987.95,M200337,153512.23,145251.91,0
25,PAYMENT,87076.28,C100338,55076.23,155605.05,M200338,144988.29,238204.34,0
25,DEBIT,44536.07,C100339,61262.7,152170.27,M200339,114835.23,172946.67,0
18,TRANSFER,51486.59,C100340,157797.03,37544.48,M200340,251743.98,102620.83,0
23,DEBIT,35929.74,C100341,89283.9,17676.99,M200341,43598.01,242993.62,1
30,PAYMENT,59299.16,C100342,159676.07,139789.77,M200342,151709.02,71486.9,0
10,CASH_OUT,16360.75,C100343,164484.47,73669.44,M200343,18612.43,67314.89,0
3,PAYMENT,39114.24,C100344,171512.47,86469.25,M200344,21346.7,151350.88,0
7,PAYMENT,96941.54,C100345,183327.05,6229.82,M200345,172159.75,78254.77,0
28,PAYMENT,25820.76,C100346,86197.04,51915.29,M200346,169805.53,2726.11,0
16,PAYMENT,65677.1,C100347,63773.36,6735.28,M200347,263410.05,194489.26,0
26,CASH_OUT,32525.75,C100348,116439.75,175837.15,M200348,167362.1,153328.15,0
16,CASH_OUT,77349.58,C100349,74234.48,48679.34,M200349,287937.31,133655.34,0
25,DEBIT,13096.06,C100350,120214.83,111467.43,M200350,14608.45,290090.55,0
20,TRANSFER,96982.41,C100351,141117.17,7795.86,M200351,29402.31,171359.76,0
28,CASH_OUT,45384.42,C100352,137681.0,133369.48,M200352,13219.76,259029.47,0
17,CASH_OUT,23612.69,C100353,74910.58,64605.47,M200353,55583.06,41835.07,0
2,TRANSFER,7358.94,C100354,33372.04,179583.84,M200354,162381.03,170761.94,0
1,CASH_OUT,16984.09,C100355,86105.87,177623.64,M200355,193671.65,260393.89,0
16,PAYMENT,51982.2,C100356,28518.83,65058.12,M200356,13675.55,174931.73,0
30,PAYMENT,33706.95,C100357,178019.41,180192.18,M200357,283791.27,215404.25,1
12,TRANSFER,82890.05,C100358,69175.49,199231.53,M200358,252649.61,111613.07,0
5,DEBIT,43094.44,C100359,30891.95,165083.13,M200359,88983.74,27734.86,0
5,DEBIT,24878.94,C100360,5089.55,168974.27,M200360,23156.26,137370.09,0
27,TRANSFER,61718.33,C100361,129164.48,49801.75,M200361,50966.12,118343.82,0
23,TRANSFER,70680.65,C100362,127380.46,115340.48,M200362,38083.32,260118.05,0
9,PAYMENT,16712.52,C100363,68120.83,13451.18,M200363,36985.13,73198.59,0
9,DEBIT,16770.25,C100364,14342.38,18983.59,M200364,155568.51,290020.27,0
3,CASH_OUT,3676.78,C100365,81925.78,199778.52,M200365,73754.23,287441.44,0
19,PAYMENT,73642.84,C100366,62243.5,65327.85,M200366,107441.91,74289.49,0
16,TRANSFER,66383.81,C100367,135424.13,149636.78,M200367,296851.6,104415.59,0
16,DEBIT,47468.34,C100368,121155.85,161333.01,M200368,205294.27,268666.72,0
3,CASH_OUT,84418.6,C100369,72918.75,171604.65,M200369,284694.2,289986.67,0
20,CASH_OUT,80568.96,C100370,43578.51,199525.66,M200370,42766.97,133031.73,0
24,PAYMENT,58539.58,C100371,197607.19,48299.3,M200371,114641.84,96299.11,0
22,DEBIT,86828.45,C100372,90800.32,8070.17,M200372,166419.54,157828.2,0
24,DEBIT,20592.06,C100373,137654.85,82238.3,M200373,23027.42,206330.76,0
1,TRANSFER,11200.84,C100374,28110.59,26016.13,M200374,1256.23,82042.35,0
24,DEBIT,26982.26,C100375,97117.94,4485.18,M200375,201130.3,220941.95,0
20,DEBIT,5718.11,C100376,5507.34,72085.37,M200376,192545.86,15497.21,0
11,PAYMENT,53121.64,C100377,101091.02,156747.65,M200377,123236.64,14788.35,0
17,DEBIT,93661.2,C100378,192803.48,113236.14,M200378,146893.22,115886.31,0
8,CASH_OUT,3943.96,C100379,76841.34,62555.6,M200379,124632.9,106041.96,0
4,PAYMENT,12219.77,C100380,7799.2,130868.4,M200380,7201.51,94689.96,0
6,PAYMENT,45225.38,C100381,6191.16,46403.64,M200381,100611.48,147305.93,0
8,TRANSFER,93388.16,C100382,77597.35,2876.29,M200382,53124.68,96220.07,0
20,DEBIT,31622.45,C100383,32004.99,152870.68,M200383,29527.26,57677.38,1
30,TRANSFER,50728.41,C100384,4670.42,124748.62,M200384,287016.13,92840.86,0
3,CASH_OUT,4166.87,C100385,151242.72,152460.52,M200385,179807.92,292471.28,0
16,PAYMENT,14842.84,C100386,91704.6,7787.6,M200386,218596.89,123334.03,0
30,PAYMENT,98663.15,C100387,57848.95,167423.93,M200387,94609.12,133413.83,0
25,PAYMENT,96512.22,C100388,180016.64,123905.24,M200388,117944.14,172963.5,0
3,CASH_OUT,503.95,C100389,23227.79,112679.07,M200389,71077.2,295002.23,0
25,CASH_OUT,95181.66,C100390,191183.77,124922.81,M200390,29089.7,72480.38,0
29,TRANSFER,63915.6,C100391,62793.34,172886.65,M200391,53709.49,204384.63,0
18,TRANSFER,86793.15,C100392,177680.73,117387.3,M200392,239254.21,214795.41,0
14,TRANSFER,45479.44,C100393,120588.58,116190.08,M200393,203263.74,182197.33,0
18,DEBIT,51564.45,C100394,165341.47,198135.83,M200394,164078.66,26573.5,0
2,PAYMENT,48889.77,C100395,196802.63,151346.03,M200395,142526.96,203061.68,0
22,PAYMENT,66689.76,C100396,57681.09,88458.76,M200396,276730.29,19228.41,0
3,TRANSFER,13973.73,C100397,192227.1,141479.4,M200397,21820.48,178842.79,0
16,PAYMENT,3007.06,C100398,77896.38,77846.09,M200398,84180.24,221874.35,0
29,TRANSFER,30799.91,C100399,77102.38,45775.09,M200399,104981.36,63290.97,0
9,DEBIT,70471.03,C100400,68077.42,119370.38,M200400,234727.74,252486.6,0
4,DEBIT,20193.33,C100401,108281.52,185636.42,M200401,297754.39,9106.14,0
1,CASH_OUT,67346.51,C100402,30829.01,185827.9,M200402,72201.15,253143.86,0
4,DEBIT,96991.51,C100403,110742.3,68381.06,M200403,262292.2,138098.72,0
1,TRANSFER,9399.13,C100404,108340.96,105535.49,M200404,249186.83,65276.38,0
14,DEBIT,67263.49,C100405,152380.36,42327.18,M200405,67397.22,40133.44,0
21,CASH_OUT,44380.58,C100406,166729.99,199126.22,M200406,119799.77,285992.15,0
16,PAYMENT,86815.54,C100407,88088.27,196223.58,M200407,122901.86,21799.68,0
20,TRANSFER,17723.21,C100408,60466.65,129901.79,M200408,293466.2,59728.03,0
24,PAYMENT,69265.67,C100409,51866.98,160882.81,M200409,54267.57,104346.7,1
8,CASH_OUT,83813.15,C100410,38924.77,143020.03,M200410,239747.39,186070.45,0
7,CASH_OUT,94461.98,C100411,11529.52,118631.64,M200411,100257.81,163440.33,0
3,CASH_OUT,68327.97,C100412,68489.6,10669.6,M200412,219261.1,37693.05,0
17,PAYMENT,49722.5,C100413,54049.54,90952.87,M200413,126003.3,86918.4,0
1,PAYMENT,61788.55,C100414,193283.48,134957.26,M200414,173507.93,71625.53,1
16,PAYMENT,86891.81,C100415,111541.77,135506.32,M200415,249783.53,64062.86,0
12,PAYMENT,57065.27,C100416,69455.41,74624.52,M200416,241249.67,123343.3,0
27,CASH_OUT,3048.4,C100417,116093.52,188338.4,M200417,259926.96,211209.44,0
19,CASH_OUT,93095.56,C100418,27839.34,33471.41,M200418,17885.2,65235.88,0
22,TRANSFER,68955.78,C100419,88808.75,100071.89,M200419,207615.17,110003.66,0
23,TRANSFER,67654.57,C100420,125246.86,138176.8,M200420,41996.21,117275.23,0
22,PAYMENT,21575.36,C100421,97779.57,139427.16,M200421,124745.57,292936.96,0
14,DEBIT,65891.96,C100422,80355.76,129727.79,M200422,164576.52,286399.91,0
30,DEBIT,39392.5,C100423,198769.68,55057.64,M200423,120821.85,240041.27,0
6,CASH_OUT,65126.79,C100424,176062.95,31241.31,M200424,155883.5,72497.68,0
6,CASH_OUT,10668.24,C100425,124681.19,127188.07,M200425,298957.89,20411.19,0
13,CASH_OUT,65787.95,C100426,113875.47,119860.42,M200426,40565.19,95071.24,0
19,TRANSFER,99941.38,C100427,124132.1,35871.2,M200427,202636.81,80038.36,0
22,TRANSFER,4830.72,C100428,40262.42,141027.83,M200428,118800.29,151777.74,0
8,CASH_OUT,97717.65,C100429,79027.55,91034.4,M200429,39902.94,233318.37,0
27,CASH_OUT,40696.73,C100430,7891.91,133552.12,M200430,47621.03,257496.88,0
27,CASH_OUT,87076.64,C100431,95109.21,167473.42,M200431,284781.93,253459.23,0
2,DEBIT,78240.72,C100432,108604.92,33945.69,M200432,263880.45,107902.67,0
21,TRANSFER,56705.96,C100433,45549.95,3828.97,M200433,272112.59,206170.3,0
30,DEBIT,73847.54,C100434,192805.77,155820.52,M200434,297459.83,93850.26,0
1,DEBIT,87852.77,C100435,181890.92,121939.49,M200435,62494.62,18271.66,0
28,CASH_OUT,40419.99,C100436,144428.65,139927.91,M200436,106631.8,210469.58,1
15,CASH_OUT,32710.05,C100437,106677.33,167630.99,M200437,200765.71,2948.27,0
1,PAYMENT,66762.66,C100438,173993.83,160562.19,M200438,145140.76,122754.78,0
5,PAYMENT,80786.52,C100439,26130.47,192184.03,M200439,125516.86,98813.78,0
28,DEBIT,76230.89,C100440,158101.96,107187.02,M200440,107343.37,208013.26,0
29,TRANSFER,79783.39,C100441,24964.16,97699.13,M200441,178134.19,229873.64,0
16,CASH_OUT,43563.98,C100442,158842.13,80377.44,M200442,172678.03,91228.39,0
19,CASH_OUT,81785.24,C100443,55153.51,30738.21,M200443,48437.35,243488.1,0
4,DEBIT,12029.7,C100444,175418.12,114521.45,M200444,141521.95,88175.03,0
3,PAYMENT,54453.46,C100445,188808.42,55402.5,M200445,166041.53,133897.91,0
17,TRANSFER,585.81,C100446,29759.19,184261.5,M200446,171086.08,218105.56,0
17,PAYMENT,32465.34,C100447,92535.12,116638.16,M200447,63032.16,207876.07,0
12,PAYMENT,36652.49,C100448,196197.48,118568.04,M200448,222681.42,296210.54,0
28,PAYMENT,39623.31,C100449,96681.49,70984.93,M200449,7559.73,67548.31,1
30,PAYMENT,69549.77,C100450,172709.5,10397.87,M200450,106449.56,198695.37,0
29,CASH_OUT,38861.92,C100451,117746.3,6348.75,M200451,234063.79,182904.57,0
14,CASH_OUT,44874.88,C100452,75065.98,84667.03,M200452,169167.88,274529.54,0
21,PAYMENT,23762.04,C100453,57156.71,16913.08,M200453,78348.73,46908.64,0
6,TRANSFER,37331.45,C100454,40644.62,121369.39,M200454,208485.94,225539.45,0
3,DEBIT,22734.69,C100455,152359.64,176194.6,M200455,170217.28,170480.58,0
28,TRANSFER,7328.86,C100456,77308.1,176582.96,M200456,238873.08,82399.76,0
9,TRANSFER,60348.82,C100457,102255.09,131809.08,M200457,220507.56,142330.47,1
5,TRANSFER,66824.6,C100458,98465.1,42246.37,M200458,183032.38,100132.98,0
24,PAYMENT,61952.84,C100459,115455.81,172599.37,M200459,146453.3,173794.02,0
29,CASH_OUT,46354.77,C100460,173115.43,177218.69,M200460,39954.64,266700.18,0
17,TRANSFER,37984.78,C100461,196147.87,39330.72,M200461,78399.91,170791.5,0
14,PAYMENT,86334.73,C100462,81516.84,147485.22,M200462,125729.84,189516.73,0
21,TRANSFER,51912.99,C100463,165503.78,57303.91,M200463,179789.79,155624.35,0
3,TRANSFER,47923.4,C100464,152905.56,160528.06,M200464,154112.36,15349.65,0
28,PAYMENT,2573.95,C100465,114705.79,199447.58,M200465,86455.36,69857.57,0
1,CASH_OUT,34131.37,C100466,191209.43,6005.2,M200466,1939.31,147600.52,0
20,CASH_OUT,38025.76,C100467,40094.9,179473.17,M200467,148871.77,93070.59,0
29,DEBIT,39888.29,C100468,21852.84,124526.11,M200468,85687.8,54529.08,0
21,PAYMENT,58021.44,C100469,170792.39,194676.52,M200469,220382.49,151239.85,0
23,DEBIT,53364.92,C100470,87829.96,93001.9,M200470,7183.88,96842.94,0
1,DEBIT,60794.43,C100471,169393.77,169477.59,M200471,175448.34,77432.29,0
3,DEBIT,76490.68,C100472,178618.04,12478.81,M200472,282442.27,139195.63,0
18,CASH_OUT,81300.44,C100473,12491.52,67055.81,M200473,52322.78,39985.28,0
25,PAYMENT,71815.13,C100474,176692.95,13403.31,M200474,141494.85,278323.72,0
10,DEBIT,95552.81,C100475,89663.81,195068.63,M200475,27426.6,260310.63,0
22,PAYMENT,1833.08,C100476,102086.5,163394.78,M200476,187704.57,212286.18,0
26,PAYMENT,19585.84,C100477,125318.5,170509.48,M200477,165159.5,31864.15,0
3,CASH_OUT,766.21,C100478,185276.52,187593.05,M200478,122209.66,232763.18,0
8,DEBIT,64751.0,C100479,3823.22,17020.7,M200479,156413.11,242387.2,0
14,DEBIT,89804.07,C100480,95368.69,77119.52,M200480,268972.4,230329.39,0
24,PAYMENT,24355.79,C100481,137544.41,14206.98,M200481,58888.29,34189.77,1
18,TRANSFER,92704.18,C100482,144541.39,42158.62,M200482,6769.35,193172.39,0
15,CASH_OUT,6036.14,C100483,138506.49,45873.16,M200483,258499.47,250297.44,0
22,CASH_OUT,93444.26,C100484,26887.03,93821.44,M200484,173135.12,173206.02,0
23,CASH_OUT,35168.75,C100485,59879.12,53712.43,M200485,267197.54,193922.21,0
2,CASH_OUT,10151.07,C100486,71743.11,20195.62,M200486,179083.57,137509.04,0
27,DEBIT,48592.32,C100487,160887.44,33498.22,M200487,243048.33,158612.2,0
10,DEBIT,25685.09,C100488,55751.97,29455.11,M200488,128902.01,10313.06,1
2,TRANSFER,28494.44,C100489,42140.99,194615.36,M200489,224957.98,191688.91,0
26,CASH_OUT,30735.92,C100490,191489.6,151858.5,M200490,273912.44,24434.16,0
17,CASH_OUT,80304.56,C100491,1772.66,193552.29,M200491,171636.89,130504.38,0
8,PAYMENT,53920.74,C100492,199564.17,87948.1,M200492,54235.55,87796.53,0
1,DEBIT,31137.66,C100493,135364.26,55673.7,M200493,80639.28,163628.39,0
9,CASH_OUT,61037.27,C100494,165693.86,159658.64,M200494,59593.37,40024.9,0
11,TRANSFER,71617.91,C100495,58923.88,65250.78,M200495,74057.11,207493.02,0
22,TRANSFER,27269.67,C100496,2863.06,59876.67,M200496,91924.63,238503.46,0
16,DEBIT,41360.77,C100497,147573.9,46501.2,M200497,166540.14,49006.33,0
7,TRANSFER,12197.39,C100498,166828.92,25935.8,M200498,176397.49,31293.93,0
29,TRANSFER,18123.12,C100499,148095.23,51292.61,M200499,127949.92,43654.64,0
10,DEBIT,68114.97,C100500,28570.06,71063.95,M200500,184626.23,263138.27,0
23,CASH_OUT,18152.02,C100501,150685.58,134798.84,M200501,24472.48,158456.78,0
26,CASH_OUT,52521.09,C100502,153784.56,12512.97,M200502,26336.47,140178.3,0
3,TRANSFER,70907.54,C100503,131708.1,42101.39,M200503,51548.84,32013.55,0
18,TRANSFER,10696.62,C100504,153223.19,161804.73,M200504,155423.25,194866.8,0
25,CASH_OUT,56735.55,C100505,169184.29,29384.38,M200505,64198.4,260399.88,1
24,DEBIT,25663.71,C100506,122720.82,68529.03,M200506,84985.32,248455.76,0
13,TRANSFER,96293.06,C100507,17720.94,172931.78,M200507,120093.85,187816.41,0
28,PAYMENT,48359.73,C100508,97525.56,30985.06,M200508,243559.84,22583.61,0
26,DEBIT,80601.2,C100509,15529.87,16547.37,M200509,4158.64,33719.11,0
7,TRANSFER,55027.15,C100510,81508.61,96907.6,M200510,194813.65,14792.7,0
25,TRANSFER,4350.82,C100511,81421.3,60483.9,M200511,200662.96,77243.76,0
4,PAYMENT,63318.81,C100512,13201.97,112681.67,M200512,239596.73,40698.44,0
13,PAYMENT,95140.82,C100513,69764.11,160760.98,M200513,279825.88,78014.41,0
20,CASH_OUT,60165.17,C100514,22199.62,27429.7,M200514,6041.35,115517.42,0
1,DEBIT,81920.69,C100515,161647.04,116139.82,M200515,46135.11,282894.84,0
8,DEBIT,88421.8,C100516,189537.61,101101.75,M200516,265851.39,183112.82,0
14,CASH_OUT,22815.7,C100517,14463.3,28815.76,M200517,137555.57,250492.14,0
16,DEBIT,21212.36,C100518,191023.04,124799.7,M200518,169377.19,213105.45,0
14,DEBIT,61101.99,C100519,104515.32,54728.08,M200519,198908.16,33750.94,0
12,DEBIT,41108.74,C100520,59913.14,97566.86,M200520,203719.98,220776.12,0
19,DEBIT,83987.73,C100521,15372.42,16454.46,M200521,279522.12,82529.66,0
23,DEBIT,90003.31,C100522,100124.85,91916.81,M200522,299084.83,191732.35,1
15,PAYMENT,35348.6,C100523,158903.11,61292.69,M200523,216047.24,102288.59,0
28,DEBIT,23694.69,C100524,141417.3,164476.24,M200524,86166.36,299301.68,0
2,PAYMENT,78054.75,C100525,10045.2,11395.75,M200525,263925.72,79065.44,0
2,DEBIT,27487.86,C100526,14580.37,83721.45,M200526,14766.27,83739.14,0
23,CASH_OUT,82263.21,C100527,80574.66,91686.28,M200527,69324.26,279201.68,0
22,TRANSFER,42379.59,C100528,59058.1,145001.22,M200528,269215.72,7393.32,0
19,PAYMENT,66758.31,C100529,46476.86,114857.52,M200529,76857.45,209006.7,0
25,DEBIT,9562.58,C100530,56200.9,133442.47,M200530,66195.32,217597.92,0
26,CASH_OUT,62389.69,C100531,160696.55,155409.86,M200531,41437.59,250913.57,0
30,TRANSFER,45182.25,C100532,185845.61,172440.59,M200532,257733.53,292331.79,0
29,PAYMENT,58664.98,C100533,81020.54,62775.1,M200533,150017.48,292680.58,0
22,TRANSFER,16809.74,C100534,181222.2,107604.54,M200534,202467.96,19583.03,0
26,CASH_OUT,73690.01,C100535,64299.14,168021.62,M200535,71719.92,246551.8,0
26,PAYMENT,86281.08,C100536,95287.4,197890.23,M200536,227412.13,193892.98,0
22,TRANSFER,21681.81,C100537,45205.8,177903.86,M200537,228001.66,194202.64,0
17,DEBIT,9580.5,C100538,128095.21,74293.45,M200538,93779.41,38504.98,0
20,PAYMENT,2373.62,C100539,195796.22,39033.3,M200539,123204.79,195056.15,0
10,TRANSFER,64200.73,C100540,120698.62,97878.51,M200540,62907.08,294744.77,0
6,CASH_OUT,60713.33,C100541,71562.82,148328.29,M200541,292968.31,273545.57,0
15,CASH_OUT,54674.27,C100542,129563.49,98513.81,M200542,193680.77,131739.2,0
22,PAYMENT,23202.39,C100543,24584.14,96636.17,M200543,280363.16,11984.39,0
11,TRANSFER,39096.69,C100544,177731.82,167646.08,M200544,91015.66,108688.05,0
28,PAYMENT,59451.69,C100545,100616.79,72280.76,M200545,234567.27,247917.09,0
5,PAYMENT,49681.72,C100546,89869.95,171958.93,M200546,229757.59,210449.73,0
1,TRANSFER,98778.67,C100547,117172.96,81360.96,M200547,207496.7,137803.1,0
8,TRANSFER,13652.61,C100548,124956.77,65646.62,M200548,289691.69,16530.46,0
21,DEBIT,69517.5,C100549,14355.16,90797.98,M200549,118066.6,128068.42,0
28,TRANSFER,40437.83,C100550,136523.44,152489.39,M200550,39215.2,140707.48,0
12,CASH_OUT,42825.68,C100551,48386.34,25200.41,M200551,201512.66,278566.66,0
12,PAYMENT,71762.6,C100552,142790.53,39283.84,M200552,218792.94,192325.83,0
5,PAYMENT,69246.69,C100553,164506.96,190288.97,M200553,172518.17,93495.87,0
7,CASH_OUT,99125.69,C100554,160791.7,35098.33,M200554,62045.37,157595.48,0
4,TRANSFER,12848.15,C100555,110500.19,113545.46,M200555,151336.78,19816.59,0
6,CASH_OUT,10419.92,C100556,104033.98,115862.89,M200556,93656.92,291770.47,0
13,CASH_OUT,72436.64,C100557,28575.19,97924.89,M200557,128239.96,108017.97,0
20,DEBIT,57842.91,C100558,155069.23,128949.05,M200558,193565.57,143360.21,0
30,CASH_OUT,27423.33,C100559,54281.88,45965.35,M200559,223564.42,106585.19,0
15,PAYMENT,7951.14,C100560,99339.08,110532.45,M200560,69667.41,204753.52,0
3,CASH_OUT,8574.97,C100561,56854.82,74434.65,M200561,121597.61,198669.65,0
23,PAYMENT,89420.15,C100562,26765.67,132333.45,M200562,80748.47,214596.69,0
8,PAYMENT,19194.81,C100563,125911.54,28244.71,M200563,59589.48,80442.97,0
20,PAYMENT,32343.92,C100564,10866.41,114175.48,M200564,235016.17,94700.54,0
16,TRANSFER,22673.37,C100565,149729.05,37054.07,M200565,272775.81,37575.37,0
13,DEBIT,35506.08,C100566,63517.36,55728.61,M200566,111069.66,196652.99,0
18,PAYMENT,6951.69,C100567,26.94,43741.96,M200567,225383.68,11939.14,0
28,PAYMENT,51910.79,C100568,102225.83,36567.56,M200568,269098.59,179304.7,0
10,TRANSFER,6770.58,C100569,9370.38,165142.19,M200569,253837.26,260908.77,0
30,PAYMENT,80037.65,C100570,55233.91,57141.51,M200570,54844.02,267249.64,0
19,CASH_OUT,23378.87,C100571,141395.3,185424.76,M200571,286887.56,134711.33,0
17,CASH_OUT,54005.79,C100572,12537.92,193985.31,M200572,113002.93,137791.11,0
24,DEBIT,88009.11,C100573,167867.7,114252.09,M200573,101772.2,23090.75,0
19,PAYMENT,65091.23,C100574,763.98,28600.22,M200574,18729.4,201229.51,0
28,TRANSFER,53300.45,C100575,49364.77,74909.65,M200575,145852.1,246377.83,0
26,CASH_OUT,32440.13,C100576,148180.81,159546.45,M200576,32704.08,73396.52,0
23,TRANSFER,33306.86,C100577,63254.03,73478.15,M200577,74561.95,126390.26,0
26,TRANSFER,66952.0,C100578,20378.48,17403.44,M200578,95082.79,251651.8,0
5,CASH_OUT,99413.99,C100579,72046.78,111356.98,M200579,242647.9,263136.14,0
26,TRANSFER,66187.3,C100580,54078.66,169024.17,M200580,262646.6,72953.99,0
21,CASH_OUT,55782.76,C100581,168542.38,159185.28,M200581,90739.9,165171.19,0
30,TRANSFER,73067.74,C100582,62669.58,35024.63,M200582,257609.44,57747.95,0
23,CASH_OUT,46525.91,C100583,157786.49,134552.92,M200583,257169.28,30563.63,0
9,PAYMENT,6023.63,C100584,178374.43,44100.85,M200584,229395.29,273336.15,0
12,DEBIT,56234.06,C100585,86763.48,43641.51,M200585,44008.53,246152.25,0
21,CASH_OUT,95762.95,C100586,181988.63,174814.35,M200586,207096.85,228010.47,0
1,CASH_OUT,17538.54,C100587,75463.61,49933.79,M200587,283507.22,14629.9,0
26,DEBIT,69003.59,C100588,192815.68,52649.47,M200588,204762.14,253118.64,0
26,CASH_OUT,20101.36,C100589,17857.9,130.68,M200589,99485.05,131413.22,0
1,CASH_OUT,53587.41,C100590,137403.85,174133.81,M200590,150173.8,102718.54,0
15,TRANSFER,9676.68,C100591,98762.81,158518.96,M200591,193717.51,163942.91,0
2,DEBIT,45042.59,C100592,77529.76,125465.79,M200592,153171.12,27405.97,0
30,PAYMENT,75618.77,C100593,126542.38,150053.15,M200593,35985.88,226993.96,0
22,CASH_OUT,34763.68,C100594,140771.42,30409.71,M200594,93619.21,174730.52,0
16,DEBIT,66494.52,C100595,872.65,91664.72,M200595,240718.81,55977.03,0
25,TRANSFER,79547.04,C100596,33390.62,70243.88,M200596,258425.41,56469.66,0
8,PAYMENT,92718.51,C100597,142609.21,18755.31,M200597,41190.01,55274.6,0
13,DEBIT,23471.86,C100598,133277.08,97226.1,M200598,285716.03,17100.72,0
21,PAYMENT,39937.6,C100599,193209.5,184147.93,M200599,98646.79,176339.53,0
1,PAYMENT,15250.08,C100600,152207.56,8011.82,M200600,198694.12,252104.45,0
16,PAYMENT,99248.43,C100601,190154.54,58292.18,M200601,225547.54,5249.46,0
29,CASH_OUT,92700.83,C100602,140508.1,41508.19,M200602,243583.87,14701.39,0
7,CASH_OUT,54000.31,C100603,59610.44,47629.33,M200603,283724.91,171831.08,0
5,TRANSFER,84204.91,C100604,21072.98,181686.91,M200604,93875.86,245848.71,0
22,TRANSFER,52100.59,C100605,156364.77,93613.81,M200605,257551.94,98021.67,0
29,DEBIT,62362.33,C100606,128829.84,93259.88,M200606,39506.07,104884.32,0
23,TRANSFER,8921.55,C100607,9637.2,152115.13,M200607,211512.27,178903.95,0
3,PAYMENT,75529.49,C100608,72010.09,30898.44,M200608,222593.32,82263.87,0
12,PAYMENT,12780.07,C100609,191359.96,97453.07,M200609,203316.97,7982.51,0
26,CASH_OUT,82608.5,C100610,100080.23,85997.04,M200610,75694.42,220568.56,0
16,PAYMENT,78204.99,C100611,86545.83,119382.14,M200611,261912.94,187694.97,0
19,DEBIT,70877.38,C100612,91539.92,199911.54,M200612,50657.54,174226.8,0
5,PAYMENT,3625.68,C100613,41776.54,153889.78,M200613,16090.44,222505.24,0
22,PAYMENT,30319.8,C100614,73741.43,79573.14,M200614,215239.5,202569.25,0
25,DEBIT,26318.63,C100615,73962.65,165510.61,M200615,142642.71,61764.6,0
29,TRANSFER,36020.04,C100616,10471.0,34141.67,M200616,254729.41,105744.31,0
14,TRANSFER,8773.4,C100617,153513.53,6092.74,M200617,115019.14,37833.04,0
28,DEBIT,93696.41,C100618,83300.89,40889.67,M200618,50483.58,38957.1,0
5,CASH_OUT,55384.69,C100619,164435.98,68082.31,M200619,250932.66,202858.72,0
15,PAYMENT,30559.38,C100620,170069.6,102116.15,M200620,164672.89,257580.03,0
17,DEBIT,39704.18,C100621,42398.81,123025.83,M200621,56758.74,288819.78,0
30,PAYMENT,44725.78,C100622,131470.7,182121.14,M200622,216115.2,188504.14,0
14,CASH_OUT,60063.43,C100623,94456.36,101970.8,M200623,153334.09,55230.4,0
30,PAYMENT,51572.79,C100624,176031.35,100255.13,M200624,181293.89,31695.1,0
20,DEBIT,91940.0,C100625,43148.14,10048.6,M200625,138269.5,243855.29,0
5,PAYMENT,49701.38,C100626,135562.64,6982.31,M200626,248612.7,173626.94,0
12,TRANSFER,99215.88,C100627,121550.42,110231.99,M200627,248868.81,185485.51,0
16,CASH_OUT,85143.98,C100628,59060.3,87635.72,M200628,212816.65,234438.63,0
26,CASH_OUT,20858.97,C100629,27320.18,167836.08,M200629,31620.41,210983.17,0
26,CASH_OUT,93060.22,C100630,130327.95,32135.92,M200630,251656.16,250337.48,0
16,DEBIT,11645.48,C100631,147719.49,4994.33,M200631,201303.89,16864.17,0
21,CASH_OUT,81746.8,C100632,63125.47,89807.75,M200632,209107.25,224256.19,0
7,TRANSFER,38068.52,C100633,128966.52,47495.71,M200633,108894.85,255255.83,0
4,DEBIT,87798.65,C100634,79026.18,9922.87,M200634,263783.87,85840.51,0
1,TRANSFER,86806.99,C100635,142641.38,144919.66,M200635,217611.48,192134.18,0
30,PAYMENT,80594.48,C100636,39843.05,22318.6,M200636,33777.14,94248.62,0
30,PAYMENT,79005.14,C100637,178043.0,121663.9,M200637,122333.41,287391.32,0
5,PAYMENT,30474.87,C100638,57481.92,56209.95,M200638,265914.11,10027.07,0
23,PAYMENT,8101.12,C100639,73557.2,34699.21,M200639,14159.01,173937.85,0
26,TRANSFER,40303.99,C100640,11618.39,75950.3,M200640,288424.99,49951.06,0
10,DEBIT,17360.72,C100641,22302.44,160289.16,M200641,203748.77,213666.06,0
22,DEBIT,69498.16,C100642,103172.38,78418.72,M200642,189412.79,52767.09,0
5,CASH_OUT,34616.51,C100643,53518.54,150153.93,M200643,81167.78,70614.98,0
4,TRANSFER,97561.26,C100644,167096.05,25097.26,M200644,74637.54,148311.24,0
2,PAYMENT,64100.8,C100645,2938.68,154554.28,M200645,282617.47,274450.48,0
20,TRANSFER,82249.83,C100646,75818.81,47386.66,M200646,89481.74,63514.31,0
10,CASH_OUT,13261.14,C100647,67469.11,135478.63,M200647,232651.59,43272.01,0
26,CASH_OUT,86202.83,C100648,3865.53,113156.31,M200648,117936.54,227693.05,0
19,TRANSFER,92276.49,C100649,24873.68,185828.94,M200649,41776.22,150185.86,0
26,TRANSFER,48711.32,C100650,82728.53,77464.5,M200650,3214.59,273535.53,0
1,TRANSFER,60629.23,C100651,98572.92,13233.04,M200651,163277.2,43984.37,0
24,DEBIT,76483.33,C100652,80857.95,3831.1,M200652,292733.65,193778.37,0
5,PAYMENT,17492.11,C100653,106187.54,165371.71,M200653,110740.86,69863.74,0
13,TRANSFER,50261.58,C100654,119026.33,104947.13,M200654,107157.7,47028.13,0
4,TRANSFER,39872.32,C100655,1984.76,155048.81,M200655,103227.49,205028.82,0
16,TRANSFER,14645.94,C100656,92819.03,46885.12,M200656,156163.15,178105.39,0
24,CASH_OUT,36759.77,C100657,192699.85,69016.75,M200657,132199.47,226448.24,0
16,CASH_OUT,6826.55,C100658,103806.46,6020.77,M200658,263974.39,92838.77,0
23,DEBIT,2590.93,C100659,135508.45,192298.46,M200659,151656.24,134391.5,0
2,PAYMENT,13525.28,C100660,62372.77,133573.58,M200660,152327.35,121641.5,0
17,DEBIT,96311.88,C100661,154798.28,186641.02,M200661,41511.48,295226.84,0
28,PAYMENT,54957.46,C100662,154584.3,53099.28,M200662,294821.86,87674.69,0
27,CASH_OUT,96582.56,C100663,104259.21,122292.72,M200663,74991.87,88445.17,0
20,CASH_OUT,43255.46,C100664,195202.76,135699.99,M200664,22009.22,106364.46,0
24,CASH_OUT,31188.5,C100665,25110.04,63509.94,M200665,198943.87,169378.22,0
12,DEBIT,50619.12,C100666,3389.53,169621.85,M200666,178609.91,75696.82,0
18,TRANSFER,43956.77,C100667,154031.64,189432.29,M200667,124543.7,274586.98,0
3,TRANSFER,10575.41,C100668,161431.11,176971.02,M200668,126657.67,79705.67,0
28,CASH_OUT,64086.22,C100669,24041.45,147813.4,M200669,235519.18,268744.72,0
1,TRANSFER,21611.66,C100670,53116.57,55492.94,M200670,58713.79,31042.52,0
1,TRANSFER,61962.6,C100671,3510.47,56323.21,M200671,246076.0,196968.81,0
29,DEBIT,65023.61,C100672,58661.72,192672.06,M200672,194624.13,272095.66,0
19,PAYMENT,15210.97,C100673,154628.37,2056.9,M200673,125690.93,50624.83,0
11,CASH_OUT,6144.35,C100674,103592.11,143209.99,M200674,137408.58,290498.09,0
5,CASH_OUT,78078.35,C100675,69619.12,141249.23,M200675,76994.16,135865.01,0
12,DEBIT,45985.44,C100676,74347.86,124537.91,M200676,225634.3,283714.53,0
3,DEBIT,5825.8,C100677,270.73,198021.77,M200677,153862.42,203046.01,0
1,TRANSFER,99486.68,C100678,59960.11,62375.89,M200678,96256.36,90476.06,0
1,CASH_OUT,5787.48,C100679,129291.75,67994.37,M200679,178815.03,56490.76,0
8,PAYMENT,69506.57,C100680,194838.89,15787.88,M200680,298720.34,91120.51,0
10,DEBIT,98368.06,C100681,169412.17,88559.63,M200681,130578.68,27905.22,0
11,PAYMENT,23925.62,C100682,4718.99,52209.71,M200682,276207.42,43160.39,0
12,PAYMENT,14233.51,C100683,179712.12,68677.34,M200683,103505.05,31398.13,0
29,CASH_OUT,12147.28,C100684,156639.68,166914.36,M200684,16419.81,126883.06,0
13,CASH_OUT,30334.48,C100685,156075.22,187096.9,M200685,61272.63,238673.51,0
12,DEBIT,10113.57,C100686,91599.15,37146.61,M200686,125608.54,42415.07,0
14,CASH_OUT,69219.21,C100687,79601.06,74501.79,M200687,65890.48,39096.13,0
2,CASH_OUT,6238.56,C100688,60583.15,185726.11,M200688,68.11,193028.68,0
29,CASH_OUT,50947.12,C100689,13138.97,12361.69,M200689,274500.46,59154.89,0
19,PAYMENT,99669.72,C100690,45647.07,18472.11,M200690,253163.82,29283.01,0
18,DEBIT,81398.89,C100691,49320.73,32558.2,M200691,222687.67,50054.57,1
3,TRANSFER,61525.79,C100692,96815.41,119042.57,M200692,50344.38,277119.42,0
23,PAYMENT,30632.3,C100693,149488.88,30094.45,M200693,36109.07,246441.38,0
17,CASH_OUT,62393.34,C100694,94761.97,193615.28,M200694,20281.42,106219.37,0
26,PAYMENT,52708.88,C100695,11568.89,89342.91,M200695,217208.76,196746.23,0
8,CASH_OUT,42614.08,C100696,191557.96,100303.59,M200696,278642.39,161182.7,0
29,CASH_OUT,13079.73,C100697,188544.86,49331.72,M200697,129160.75,203137.28,0
26,PAYMENT,88661.56,C100698,157037.91,94192.05,M200698,35742.2,204801.35,0
10,DEBIT,44983.97,C100699,198265.58,132382.73,M200699,153717.85,188620.2,0
26,CASH_OUT,19470.3,C100700,108896.47,150235.43,M200700,104649.57,79830.41,0
30,DEBIT,36782.26,C100701,192553.67,150773.62,M200701,112447.48,11701.93,0
2,TRANSFER,41418.83,C100702,15121.01,115578.22,M200702,186399.19,136670.03,0
19,CASH_OUT,82755.51,C100703,73136.15,180871.95,M200703,215615.43,267292.17,0
9,DEBIT,73364.1,C100704,45076.25,163481.57,M200704,33181.08,170849.18,0
7,DEBIT,76932.8,C100705,39166.62,151409.62,M200705,10677.07,249717.31,0
4,TRANSFER,1113.02,C100706,28160.59,11121.1,M200706,298299.09,297487.3,0
26,DEBIT,41621.24,C100707,124482.73,1375.59,M200707,69818.5,49084.86,0
21,DEBIT,48139.6,C100708,156264.37,42489.46,M200708,16149.16,207533.29,1
18,TRANSFER,1929.04,C100709,115659.68,132704.72,M200709,56962.6,202288.07,0
13,CASH_OUT,25988.72,C100710,29392.54,82239.5,M200710,11687.35,293986.63,0
11,DEBIT,76031.38,C100711,162224.75,80481.25,M200711,117543.27,295680.22,1
29,DEBIT,13719.6,C100712,127190.94,176917.38,M200712,240720.54,206003.58,0
24,DEBIT,53535.66,C100713,77633.14,179112.57,M200713,102373.33,73084.44,0
4,PAYMENT,21528.04,C100714,134826.06,181835.05,M200714,133255.02,239566.75,0
25,TRANSFER,1221.96,C100715,51981.0,62775.62,M200715,202676.03,32108.74,0
21,PAYMENT,24127.73,C100716,69038.44,138211.16,M200716,152668.22,234209.79,0
29,TRANSFER,97587.62,C100717,183497.17,54326.64,M200717,258433.71,273058.84,0
25,CASH_OUT,80155.7,C100718,58100.9,38121.97,M200718,259810.7,114850.02,0
4,CASH_OUT,95958.07,C100719,93997.65,36926.49,M200719,2973.21,189190.59,0
10,DEBIT,48790.53,C100720,178028.23,68421.52,M200720,233413.89,129042.82,0
5,TRANSFER,10982.52,C100721,141544.27,85991.52,M200721,138220.08,131329.52,1
9,CASH_OUT,54800.47,C100722,12440.65,166189.83,M200722,296652.16,93111.27,0
24,TRANSFER,45443.19,C100723,29460.61,23978.22,M200723,144969.62,228638.89,0
3,CASH_OUT,84437.26,C100724,1568.32,146985.17,M200724,296068.78,280852.97,0
17,PAYMENT,9817.28,C100725,126184.36,106290.98,M200725,226370.81,282225.26,0
3,CASH_OUT,48829.23,C100726,89534.69,57589.07,M200726,74581.47,52434.39,0
16,PAYMENT,15013.37,C100727,26854.97,98563.92,M200727,161518.49,262423.09,0
4,CASH_OUT,32474.35,C100728,191586.82,59988.41,M200728,297640.69,221229.43,0
18,DEBIT,73738.33,C100729,105931.94,119216.39,M200729,257259.18,75851.22,1
17,PAYMENT,47607.05,C100730,48378.66,86768.78,M200730,29210.07,20185.38,0
7,CASH_OUT,37595.07,C100731,100120.71,32881.11,M200731,211911.6,80399.18,0
24,DEBIT,39453.68,C100732,135924.07,23316.61,M200732,103673.88,273662.47,0
23,PAYMENT,45950.08,C100733,15247.84,109339.14,M200733,2094.68,189953.6,0
30,DEBIT,78503.8,C100734,54940.76,180482.61,M200734,121044.29,216316.4,0
5,TRANSFER,89209.55,C100735,161393.1,68791.54,M200735,70426.33,77145.71,0
12,TRANSFER,95533.92,C100736,91932.97,146600.02,M200736,245660.78,215816.45,0
17,PAYMENT,78692.47,C100737,109315.43,131732.27,M200737,101199.18,8436.45,0
23,CASH_OUT,31547.54,C100738,86563.2,186310.98,M200738,248257.11,112596.4,0
13,PAYMENT,68816.59,C100739,8779.99,164196.2,M200739,179.38,188026.0,0
23,DEBIT,43765.94,C100740,33149.96,113321.05,M200740,92345.75,43828.97,0
25,CASH_OUT,25474.52,C100741,89108.33,131406.1,M200741,72349.56,246901.07,1
3,TRANSFER,84088.75,C100742,41837.09,179677.29,M200742,70070.21,70509.39,0
9,CASH_OUT,3852.25,C100743,9995.81,79903.76,M200743,20455.99,195684.33,0
30,TRANSFER,90177.18,C100744,168729.93,65358.94,M200744,56137.28,121559.14,0
17,CASH_OUT,46153.13,C100745,196238.51,2162.22,M200745,166664.87,178813.08,0
17,CASH_OUT,63723.78,C100746,158628.57,165310.21,M200746,87408.32,32235.17,0
30,CASH_OUT,65938.8,C100747,170756.98,160196.14,M200747,125218.43,5073.84,0
20,DEBIT,89512.82,C100748,48395.43,20890.9,M200748,113060.06,272869.33,0
16,DEBIT,63670.6,C100749,192125.4,115371.48,M200749,262771.48,80889.0,0
25,PAYMENT,61397.22,C100750,39385.14,92796.34,M200750,271589.7,245903.1,0
22,PAYMENT,6674.54,C100751,190285.96,23741.82,M200751,147887.09,299805.09,0
13,TRANSFER,51845.62,C100752,198963.86,196113.65,M200752,99046.79,63429.38,0
27,DEBIT,15025.4,C100753,142344.56,42939.18,M200753,32040.21,79551.22,0
19,TRANSFER,73746.0,C100754,196228.75,13446.84,M200754,286020.86,198857.94,0
17,PAYMENT,51227.07,C100755,113907.96,118969.48,M200755,18068.08,289634.59,0
4,TRANSFER,68025.98,C100756,51908.36,147773.34,M200756,89295.08,274744.3,0
12,PAYMENT,4176.87,C100757,87399.18,6488.69,M200757,89419.86,150862.66,0
29,DEBIT,8488.35,C100758,118712.19,131743.53,M200758,96120.39,238533.08,0
9,CASH_OUT,71635.18,C100759,14616.31,106458.38,M200759,49286.05,40723.76,1
19,DEBIT,7217.71,C100760,124468.65,20653.0,M200760,234948.43,293231.46,0
12,TRANSFER,7134.96,C100761,196235.57,34504.78,M200761,36749.36,289305.97,0
9,TRANSFER,1220.73,C100762,38021.53,113594.86,M200762,190472.0,49118.69,0
7,DEBIT,95650.57,C100763,158519.02,59271.52,M200763,37153.81,89826.94,0
28,DEBIT,73753.46,C100764,181579.76,187663.15,M200764,21160.69,30046.5,0
14,PAYMENT,35331.61,C100765,188740.32,163748.05,M200765,272828.85,81515.28,0
20,TRANSFER,29660.59,C100766,192027.12,196713.44,M200766,57038.63,244786.74,0
19,TRANSFER,34976.83,C100767,104291.93,51934.17,M200767,246375.05,113494.68,0
26,DEBIT,77467.61,C100768,195461.58,193944.73,M200768,163389.26,26519.09,0
15,CASH_OUT,66140.45,C100769,151462.04,86246.77,M200769,23356.96,102667.66,0
16,TRANSFER,18527.7,C100770,32334.29,69503.76,M200770,286634.46,294415.0,0
21,CASH_OUT,17419.19,C100771,95380.02,10069.91,M200771,74088.35,188905.08,0
5,DEBIT,9848.58,C100772,143666.24,10553.05,M200772,257893.6,124848.28,0
3,DEBIT,66033.67,C100773,49468.06,138402.25,M200773,50643.0,49961.55,0
12,PAYMENT,76439.62,C100774,128123.04,91585.8,M200774,256182.86,295853.04,0
25,TRANSFER,26511.99,C100775,133320.1,45304.33,M200775,3968.64,246254.7,0
20,CASH_OUT,2104.29,C100776,32539.95,122794.06,M200776,153534.14,84443.19,0
27,PAYMENT,8226.35,C100777,113017.06,50571.62,M200777,230832.77,21020.61,0
21,TRANSFER,96786.32,C100778,154325.38,115526.35,M200778,280438.66,16987.67,0
4,PAYMENT,29551.52,C100779,99779.13,71841.75,M200779,272760.64,36113.44,0
21,DEBIT,76924.62,C100780,2420.62,164710.45,M200780,245887.46,174230.58,0
23,TRANSFER,62470.11,C100781,1807.69,164139.23,M200781,266457.4,278629.03,0
16,PAYMENT,38200.14,C100782,71405.87,95470.08,M200782,59765.91,149023.03,0
25,PAYMENT,20576.67,C100783,185238.81,70163.82,M200783,85255.29,252883.64,0
7,CASH_OUT,12147.43,C100784,45735.36,72511.96,M200784,86690.56,133765.99,0
13,PAYMENT,61505.15,C100785,126872.74,161142.91,M200785,113116.18,212575.06,1
21,TRANSFER,77465.63,C100786,44415.17,65635.9,M200786,117996.2,219561.82,1
10,TRANSFER,64393.99,C100787,64334.0,41811.87,M200787,163366.6,52189.11,0
26,CASH_OUT,53034.91,C100788,169608.42,16937.67,M200788,47963.93,108364.82,0
7,TRANSFER,4204.7,C100789,145772.29,93338.62,M200789,207374.0,191190.65,0
14,DEBIT,96849.19,C100790,19079.86,96426.42,M200790,50269.96,21208.98,0
26,TRANSFER,79873.43,C100791,85740.4,168181.74,M200791,93092.54,108462.06,0
5,TRANSFER,29289.28,C100792,5833.95,44247.74,M200792,151003.54,160439.84,0
3,PAYMENT,97997.23,C100793,96178.03,76198.25,M200793,238932.17,298867.35,0
23,PAYMENT,60192.14,C100794,132486.8,161681.15,M200794,221840.77,142360.07,0
29,TRANSFER,58246.44,C100795,23700.52,164724.72,M200795,193660.31,244817.03,0
11,CASH_OUT,74809.84,C100796,57776.99,76922.22,M200796,46731.98,129620.19,0
11,PAYMENT,81178.86,C100797,79567.33,91824.8,M200797,164113.6,238917.22,0
18,CASH_OUT,65651.3,C100798,183906.2,60657.18,M200798,26233.95,178624.44,0
15,TRANSFER,12818.29,C100799,198651.0,186510.98,M200799,113208.95,265978.63,0
12,TRANSFER,33833.37,C100800,8982.26,23728.75,M200800,124054.96,123282.77,0
9,DEBIT,92809.08,C100801,152201.58,186749.88,M200801,11943.43,181291.33,0
10,PAYMENT,22469.32,C100802,74344.81,136773.29,M200802,82196.43,189005.6,1
26,TRANSFER,37222.98,C100803,78491.64,106314.43,M200803,286694.84,125214.88,0
12,DEBIT,43213.37,C100804,150852.99,6531.81,M200804,286089.78,43293.61,0
17,PAYMENT,43946.1,C100805,183685.29,95119.24,M200805,105698.12,28067.82,0
29,TRANSFER,61297.83,C100806,190185.72,81549.62,M200806,12930.03,5001.47,0
6,TRANSFER,94308.15,C100807,115424.52,32243.76,M200807,53728.48,262060.28,0
7,PAYMENT,24076.86,C100808,71424.23,131281.92,M200808,117665.34,70942.47,0
14,PAYMENT,12158.92,C100809,157509.82,194230.18,M200809,284333.91,63452.02,0
13,PAYMENT,19755.07,C100810,50200.28,112437.76,M200810,42359.72,220810.62,0
8,TRANSFER,88693.62,C100811,112814.81,142950.66,M200811,229054.75,96004.83,0
10,TRANSFER,64584.62,C100812,71715.69,13690.09,M200812,32604.76,151813.41,0
9,DEBIT,28597.82,C100813,131326.21,83533.4,M200813,294377.27,48753.32,0
18,CASH_OUT,81596.53,C100814,48079.78,23271.7,M200814,114484.95,287923.72,0
27,PAYMENT,86138.39,C100815,38318.59,122559.17,M200815,232570.36,255474.42,0
26,TRANSFER,84652.97,C100816,183647.82,187696.43,M200816,102777.32,259136.89,0
2,TRANSFER,91893.46,C100817,20360.74,132355.55,M200817,188300.66,122032.12,0
5,PAYMENT,25231.58,C100818,101191.58,15360.61,M200818,57604.83,228708.36,0
29,CASH_OUT,75506.64,C100819,44170.56,70933.24,M200819,43806.31,43162.85,0
5,PAYMENT,46059.34,C100820,7785.99,110132.68,M200820,281419.24,2585.7,0
6,CASH_OUT,84201.44,C100821,7203.76,80641.55,M200821,275294.18,5991.88,0
19,TRANSFER,72851.78,C100822,35044.35,166728.8,M200822,266240.68,175980.52,0
8,CASH_OUT,77646.98,C100823,173354.07,162934.2,M200823,187630.04,136618.47,0
16,DEBIT,65619.62,C100824,56495.75,122366.2,M200824,242480.46,155404.6,0
13,TRANSFER,17751.1,C100825,190091.83,74691.59,M200825,20711.08,2238.94,1
1,DEBIT,54507.24,C100826,116324.46,51067.27,M200826,100436.71,126805.99,0
22,PAYMENT,98467.13,C100827,87322.84,21174.86,M200827,94110.94,215420.45,0
20,PAYMENT,93739.43,C100828,116017.77,70979.54,M200828,190693.6,132808.11,0
17,PAYMENT,4326.94,C100829,103339.68,82634.5,M200829,106787.33,219665.76,0
7,CASH_OUT,16489.83,C100830,151755.25,135164.59,M200830,44552.03,69905.69,0
25,TRANSFER,13181.56,C100831,56499.21,131631.96,M200831,178940.12,243942.6,0
13,PAYMENT,72600.73,C100832,70610.08,14021.63,M200832,244315.18,176529.37,1
4,PAYMENT,81780.36,C100833,178818.86,79051.86,M200833,114637.05,63228.93,0
4,TRANSFER,21359.0,C100834,189291.3,36355.77,M200834,39680.61,71016.14,0
6,PAYMENT,50590.21,C100835,178511.65,31362.54,M200835,59006.46,188409.14,0
28,DEBIT,84071.9,C100836,83889.6,165460.43,M200836,71244.99,248981.88,0
19,TRANSFER,73282.83,C100837,156073.1,8383.04,M200837,89969.28,124688.33,0
29,TRANSFER,54228.3,C100838,95267.15,83836.58,M200838,192838.52,77490.13,0
12,TRANSFER,59038.87,C100839,99507.97,33640.73,M200839,180283.65,260103.48,0
22,DEBIT,50840.97,C100840,40936.02,175866.04,M200840,208823.96,200780.49,0
7,TRANSFER,29761.87,C100841,118226.06,111408.1,M200841,108750.6,134425.65,0
27,DEBIT,56506.55,C100842,37227.18,46276.13,M200842,247199.3,146370.06,0
10,TRANSFER,68891.64,C100843,66312.94,100485.46,M200843,61226.3,61276.94,0
26,CASH_OUT,87333.56,C100844,171006.04,146297.27,M200844,140712.22,188040.79,0
19,PAYMENT,63632.77,C100845,41415.16,191623.6,M200845,240281.62,107622.75,0
7,CASH_OUT,76114.54,C100846,14231.66,44089.2,M200846,54047.59,298693.55,0
30,PAYMENT,16015.56,C100847,13801.52,177236.35,M200847,32958.93,144055.05,0
3,DEBIT,46161.13,C100848,188156.9,186860.82,M200848,265105.19,145765.68,0
13,CASH_OUT,943.07,C100849,101384.09,183284.11,M200849,102878.9,169755.54,0
13,TRANSFER,24675.42,C100850,81882.41,127082.87,M200850,205161.04,275026.8,0
18,PAYMENT,72648.91,C100851,162175.72,125964.13,M200851,7604.58,240245.43,0
28,PAYMENT,99181.08,C100852,167165.19,80642.13,M200852,207014.07,135339.02,0
30,CASH_OUT,9926.82,C100853,66438.21,150479.58,M200853,94830.39,215609.78,0
26,DEBIT,40155.42,C100854,138723.61,106258.8,M200854,16722.26,175870.65,0
20,CASH_OUT,80009.1,C100855,154224.56,135487.61,M200855,182943.83,147710.11,0
28,DEBIT,20411.52,C100856,130930.14,85691.58,M200856,72241.14,57694.73,0
8,DEBIT,55512.94,C100857,30319.01,146299.29,M200857,116042.17,139180.88,0
29,PAYMENT,73309.8,C100858,175176.62,164894.3,M200858,24174.24,73745.58,0
9,CASH_OUT,61602.39,C100859,107818.91,29287.25,M200859,44148.98,274452.64,0
7,CASH_OUT,18810.59,C100860,56494.49,166585.94,M200860,89393.17,100622.04,0
1,DEBIT,35544.9,C100861,85045.64,108059.31,M200861,26927.85,285679.2,0
3,CASH_OUT,78381.34,C100862,7514.22,168933.18,M200862,273247.88,159916.59,0
13,TRANSFER,55427.11,C100863,25573.36,86260.34,M200863,1814.11,189463.31,0
28,TRANSFER,532.91,C100864,153109.35,75808.1,M200864,145158.07,162882.13,0
30,CASH_OUT,76101.47,C100865,2.33,183012.15,M200865,36974.24,38814.19,0
25,CASH_OUT,3540.78,C100866,83313.17,50233.85,M200866,92303.73,112746.37,0
28,DEBIT,74575.92,C100867,104502.04,168842.47,M200867,277817.87,29743.83,0
17,TRANSFER,20256.03,C100868,10926.88,96804.11,M200868,48508.37,186886.21,0
25,TRANSFER,95807.77,C100869,194615.63,102819.09,M200869,289749.7,134062.26,0
24,PAYMENT,36800.4,C100870,45225.07,61693.66,M200870,61738.31,233395.49,0
1,DEBIT,32699.89,C100871,60839.74,114608.44,M200871,222469.83,66141.14,0
6,PAYMENT,14897.32,C100872,60788.5,65042.24,M200872,164003.18,49369.82,0
21,TRANSFER,30567.37,C100873,46083.33,7853.88,M200873,265343.62,121899.67,0
6,DEBIT,87666.31,C100874,294.76,54399.72,M200874,166197.98,277975.61,1
26,CASH_OUT,99633.47,C100875,145868.96,1275.81,M200875,160367.77,213126.54,0
12,DEBIT,36837.27,C100876,193369.1,195670.96,M200876,58637.4,125677.09,0
13,CASH_OUT,44866.58,C100877,44858.7,193149.44,M200877,49868.81,155181.65,0
13,CASH_OUT,72209.87,C100878,132609.44,79031.06,M200878,274946.75,25263.9,0
29,DEBIT,88620.72,C100879,148379.27,145674.17,M200879,98351.46,295372.77,0
15,CASH_OUT,59308.5,C100880,169685.08,69161.22,M200880,111624.68,199922.19,0
21,PAYMENT,39158.65,C100881,84525.84,134218.63,M200881,227947.1,85621.22,0
16,TRANSFER,41268.06,C100882,60586.18,161086.01,M200882,101647.04,175742.52,0
22,CASH_OUT,69564.86,C100883,65059.03,189351.25,M200883,285618.73,32844.71,0
21,PAYMENT,331.79,C100884,142524.27,80042.46,M200884,221378.33,289751.0,0
11,CASH_OUT,61962.74,C100885,163355.89,156659.6,M200885,179228.77,52435.5,0
28,TRANSFER,35555.75,C100886,36322.79,53185.69,M200886,264268.55,194409.1,0
5,PAYMENT,79421.79,C100887,74188.2,198066.46,M200887,14881.77,73636.34,0
4,TRANSFER,9308.13,C100888,180388.04,5153.92,M200888,77118.81,215268.41,0
3,TRANSFER,58824.34,C100889,161338.7,120705.76,M200889,139510.9,233046.41,0
19,PAYMENT,48102.48,C100890,196971.68,131901.2,M200890,68093.56,202025.92,0
20,PAYMENT,64236.13,C100891,150849.65,137609.11,M200891,223171.56,184349.84,0
25,PAYMENT,6494.71,C100892,78639.04,24077.52,M200892,275762.41,267740.73,0
18,DEBIT,58002.58,C100893,118127.57,187705.96,M200893,127131.04,23588.01,0
15,PAYMENT,56152.84,C100894,132202.85,36236.66,M200894,102639.78,99274.43,0
9,PAYMENT,56070.4,C100895,15691.16,124550.68,M200895,288465.22,74486.24,0
17,PAYMENT,60352.73,C100896,108899.39,44535.22,M200896,133455.73,296404.19,0
14,PAYMENT,67650.03,C100897,141864.17,61443.28,M200897,146714.52,116816.93,0
15,CASH_OUT,80500.85,C100898,33464.26,109291.71,M200898,105494.96,219783.81,0
1,DEBIT,26989.37,C100899,156126.34,83438.68,M200899,272864.54,205417.55,0
21,TRANSFER,82506.69,C100900,116754.56,32045.12,M200900,170686.64,63624.37,0
22,PAYMENT,49830.59,C100901,190444.36,34187.28,M200901,228652.38,71699.3,0
22,CASH_OUT,7715.06,C100902,8484.46,83628.96,M200902,243542.02,84385.37,0
3,CASH_OUT,5864.51,C100903,53065.23,151456.6,M200903,102554.71,123338.18,0
16,CASH_OUT,33430.49,C100904,120310.78,179592.93,M200904,130108.3,70297.52,0
23,TRANSFER,78491.85,C100905,59311.98,16825.53,M200905,254541.53,5895.44,0
25,PAYMENT,70771.02,C100906,142884.83,78620.78,M200906,108976.61,263817.92,0
11,DEBIT,78863.61,C100907,151801.06,20049.11,M200907,238180.54,289682.95,0
12,DEBIT,51731.73,C100908,20503.19,3318.5,M200908,282297.7,102471.12,0
10,CASH_OUT,44025.5,C100909,102770.89,132343.74,M200909,186963.11,101552.06,0
16,TRANSFER,14753.78,C100910,101778.11,120489.89,M200910,222488.19,2127.54,0
8,TRANSFER,32825.99,C100911,73856.15,32603.82,M200911,241529.19,204075.21,0
6,TRANSFER,43407.6,C100912,186584.97,46762.57,M200912,253511.89,247631.97,0
12,DEBIT,8869.16,C100913,165501.26,4741.55,M200913,118516.0,43982.49,0
24,CASH_OUT,22068.99,C100914,139441.88,166989.44,M200914,15379.04,47899.9,0
28,PAYMENT,59826.55,C100915,142865.33,194938.12,M200915,120562.88,237024.97,0
21,DEBIT,73568.95,C100916,92343.23,27091.91,M200916,202126.87,184887.22,0
8,CASH_OUT,99834.77,C100917,184198.9,46295.04,M200917,135105.12,13458.17,0
26,CASH_OUT,93312.0,C100918,138919.09,173681.9,M200918,224688.95,186764.1,0
28,PAYMENT,64260.09,C100919,145796.21,185292.76,M200919,107094.73,92675.32,0
4,PAYMENT,42130.59,C100920,172338.18,83925.48,M200920,190423.24,110617.55,0
26,PAYMENT,63621.37,C100921,54814.32,10124.49,M200921,55925.94,230919.43,0
8,TRANSFER,78567.31,C100922,161414.18,7878.37,M200922,224810.83,243280.56,1
26,PAYMENT,11842.44,C100923,39048.12,114789.97,M200923,163708.79,120106.99,0
28,CASH_OUT,40996.39,C100924,69068.39,78579.02,M200924,61219.32,284145.88,0
18,PAYMENT,83981.83,C100925,67122.09,5730.49,M200925,87573.35,121938.82,1
28,CASH_OUT,38389.46,C100926,195705.09,116650.48,M200926,224582.61,231550.81,0
28,DEBIT,57191.51,C100927,171307.44,2260.51,M200927,144780.37,145163.18,0
5,TRANSFER,58781.06,C100928,140233.97,157474.39,M200928,64809.43,269259.7,0
9,DEBIT,18455.78,C100929,145411.35,61286.56,M200929,290181.36,272328.37,0
4,DEBIT,36229.92,C100930,112414.56,8051.6,M200930,214537.51,26225.04,0
27,CASH_OUT,33457.78,C100931,189418.13,117670.44,M200931,287140.45,280948.0,0
22,DEBIT,2629.41,C100932,99251.75,79536.88,M200932,128131.51,247660.45,0
17,CASH_OUT,2428.93,C100933,76103.54,194760.08,M200933,142530.1,237393.21,0
9,PAYMENT,83171.39,C100934,32607.07,108839.73,M200934,269386.56,60273.4,0
1,PAYMENT,27314.35,C100935,157241.13,55047.84,M200935,157514.8,241535.76,0
21,CASH_OUT,51812.7,C100936,146888.79,141887.77,M200936,212183.67,255039.82,0
20,PAYMENT,29879.57,C100937,76871.01,54298.4,M200937,75651.86,86745.1,0
13,TRANSFER,94068.52,C100938,5038.68,180848.66,M200938,134017.94,285678.02,0
28,DEBIT,25937.08,C100939,167799.47,74944.39,M200939,37034.96,14958.04,0
16,TRANSFER,42971.38,C100940,2283.6,109973.71,M200940,61794.01,44972.78,0
29,DEBIT,87274.3,C100941,140739.96,10114.62,M200941,283.02,161274.34,0
13,PAYMENT,84194.94,C100942,194051.42,85224.25,M200942,11779.52,172737.74,0
14,TRANSFER,18618.28,C100943,87532.27,166472.71,M200943,293185.15,193545.02,0
3,PAYMENT,80266.3,C100944,46994.68,161129.76,M200944,72706.11,5090.74,0
29,DEBIT,45824.11,C100945,140974.2,44863.71,M200945,198993.21,288110.03,0
6,CASH_OUT,48302.06,C100946,163425.63,45215.81,M200946,251729.91,13376.43,0
18,CASH_OUT,13356.66,C100947,109286.06,163461.06,M200947,165198.14,42918.59,0
19,TRANSFER,8069.35,C100948,193407.06,186079.68,M200948,45943.35,4204.36,0
5,PAYMENT,72796.65,C100949,10333.74,19072.18,M200949,218434.93,170057.53,0
15,PAYMENT,49651.15,C100950,100959.12,90011.73,M200950,180075.42,279680.07,0
25,TRANSFER,43690.7,C100951,143690.79,67490.86,M200951,219375.18,199784.15,0
2,CASH_OUT,72953.53,C100952,172528.09,174137.69,M200952,230923.99,246797.24,0
10,DEBIT,76553.63,C100953,35851.12,16704.98,M200953,292623.11,3984.36,0
24,TRANSFER,15899.23,C100954,160000.7,42225.19,M200954,172068.98,162604.59,0
30,DEBIT,61026.41,C100955,110541.42,150493.67,M200955,102492.33,137868.89,0
18,CASH_OUT,13544.05,C100956,79310.74,10258.77,M200956,194539.37,149690.38,0
27,PAYMENT,75139.99,C100957,26343.01,98507.08,M200957,20532.21,21663.96,0
13,CASH_OUT,65698.95,C100958,173059.15,88421.41,M200958,269219.2,205330.61,0
5,TRANSFER,95661.9,C100959,31454.64,66880.24,M200959,35814.3,150966.12,0
23,PAYMENT,6905.11,C100960,61957.57,78914.46,M200960,98352.85,229544.65,0
24,TRANSFER,5714.9,C100961,58009.11,105988.12,M200961,244723.61,145587.19,0
1,TRANSFER,28225.89,C100962,174282.81,32273.47,M200962,179193.71,44814.49,0
22,CASH_OUT,26177.95,C100963,134540.6,114399.18,M200963,118090.66,194477.09,0
1,TRANSFER,24705.41,C100964,159336.28,161086.47,M200964,142030.7,51715.91,0
18,CASH_OUT,90626.4,C100965,50093.58,152032.19,M200965,256364.22,261718.37,0
15,PAYMENT,24962.12,C100966,124974.82,30779.98,M200966,102001.32,183934.87,0
17,CASH_OUT,27202.25,C100967,114349.2,29849.89,M200967,260894.91,47161.17,0
11,PAYMENT,75942.23,C100968,166566.08,53634.87,M200968,26440.33,288701.42,0
21,CASH_OUT,44979.49,C100969,181217.41,72214.95,M200969,233039.53,155509.64,0
26,DEBIT,77673.29,C100970,2431.35,81691.12,M200970,254264.29,21869.54,0
25,DEBIT,6545.96,C100971,134803.98,135939.44,M200971,54545.3,188049.87,0
22,TRANSFER,48762.24,C100972,10367.16,11336.09,M200972,129103.96,75959.67,0
27,CASH_OUT,3371.02,C100973,109771.73,6934.54,M200973,49649.93,241108.04,0
27,CASH_OUT,6274.69,C100974,57526.55,78382.11,M200974,211981.24,245346.62,0
17,PAYMENT,90644.68,C100975,61355.32,139432.74,M200975,160604.33,293684.21,0
13,TRANSFER,13933.14,C100976,70591.7,38687.07,M200976,190597.0,150560.86,0
1,CASH_OUT,53246.74,C100977,124258.49,128300.9,M200977,58946.09,136487.06,0
2,TRANSFER,41115.45,C100978,66809.99,51965.63,M200978,63523.76,226042.68,0
9,DEBIT,34740.86,C100979,146539.81,177217.22,M200979,12449.2,39741.2,0
3,CASH_OUT,89984.34,C100980,80905.48,179137.99,M200980,96620.26,164074.65,0
1,CASH_OUT,2192.12,C100981,13670.64,59457.44,M200981,167923.4,163874.28,0
21,TRANSFER,66382.33,C100982,156751.97,45998.75,M200982,257380.47,26841.94,0
16,CASH_OUT,96339.81,C100983,57151.66,82260.79,M200983,200078.23,125395.23,0
23,TRANSFER,56021.22,C100984,86553.38,48106.32,M200984,130618.9,255985.44,0
6,CASH_OUT,93682.88,C100985,137088.78,134476.77,M200985,285936.03,256846.09,1
28,PAYMENT,5235.27,C100986,66491.23,165212.94,M200986,215773.56,29771.3,0
17,TRANSFER,41885.14,C100987,11317.13,134618.43,M200987,279049.56,27216.26,0
5,CASH_OUT,26023.18,C100988,74784.21,164870.09,M200988,158276.39,78808.64,0
5,DEBIT,73084.79,C100989,188889.72,79398.43,M200989,77671.28,262429.82,0
6,CASH_OUT,98129.9,C100990,128346.88,31263.39,M200990,15848.01,38670.78,1
3,DEBIT,25660.44,C100991,134295.83,147590.19,M200991,217825.46,215999.04,0
21,DEBIT,65420.92,C100992,126456.43,72094.9,M200992,36390.9,30349.69,0
23,PAYMENT,19817.78,C100993,39798.43,134254.17,M200993,90832.54,186941.36,0
5,TRANSFER,56537.37,C100994,83666.77,54128.79,M200994,159741.27,106820.19,0
21,CASH_OUT,46398.61,C100995,150187.96,16245.93,M200995,169324.98,236674.19,0
5,PAYMENT,97200.81,C100996,20274.58,198516.36,M200996,180174.96,70107.13,0
10,CASH_OUT,60856.64,C100997,55570.56,31240.3,M200997,49876.6,191760.55,0
10,DEBIT,34957.14,C100998,55263.82,197684.2,M200998,113921.22,70704.76,0
19,TRANSFER,11418.44,C100999,86403.79,195455.99,M200999,185158.27,214098.08,0
